Title,Subtitle,Region,Currency,"Base shipping price","Additional product shipping price (Tier 1)","Additional product limit (Tier 1)","Additional product shipping price (Tier 2)","Additional product limit (Tier 2)","Additional product shipping price (Tier 3)","Additional product limit (Tier 3)","Additional product shipping price (Tier 4)","Additional product limit (Tier 4)","Additional product shipping price (Tier 5)","Additional product limit (Tier 5)"
Shirts,"T-shirts, tank tops, 3/4 sleeve shirts, long sleeve shirts, polo shirts, crop tops",USA,USD,4.95,2.2,8,1.15,23,1,48,0.75,83,0.5,
Shirts,"T-shirts, tank tops, 3/4 sleeve shirts, long sleeve shirts, polo shirts, crop tops",Europe,USD,4.99,1.45,8,1,23,0.75,48,0.5,83,0.35,
Shirts,"T-shirts, tank tops, 3/4 sleeve shirts, long sleeve shirts, polo shirts, crop tops",UK,USD,4.79,1.5,8,1,23,0.75,48,0.5,83,0.35,
Shirts,"T-shirts, tank tops, 3/4 sleeve shirts, long sleeve shirts, polo shirts, crop tops","EFTA States",USD,10.39,1.1,8,1,23,0.8,48,0.6,83,0.4,
Shirts,"T-shirts, tank tops, 3/4 sleeve shirts, long sleeve shirts, polo shirts, crop tops",Canada,USD,8.59,1.95,8,1.4,23,1.2,48,1,83,0.8,
Shirts,"T-shirts, tank tops, 3/4 sleeve shirts, long sleeve shirts, polo shirts, crop tops","Australia / New Zealand",USD,7.99,1.4,8,1,23,0.6,48,0.6,83,0.5,
Shirts,"T-shirts, tank tops, 3/4 sleeve shirts, long sleeve shirts, polo shirts, crop tops",Japan,USD,4.95,2,8,1.3,23,1.1,48,0.9,83,0.7,
Shirts,"T-shirts, tank tops, 3/4 sleeve shirts, long sleeve shirts, polo shirts, crop tops",Brazil,USD,12.49,6,8,2.5,23,2,48,1.5,83,1,
Shirts,"T-shirts, tank tops, 3/4 sleeve shirts, long sleeve shirts, polo shirts, crop tops",Worldwide,USD,12.49,6,8,2.5,23,2,48,1.5,83,1,
"Hoodies, sweatshirts, pullovers, jackets, sweatpants, joggers, pants","Hoodies, sweatshirts, pullovers, jackets, sweatpants, joggers, pants",USA,USD,8.79,2.5,13,1.75,23,1.5,48,1.3,73,1.2,
"Hoodies, sweatshirts, pullovers, jackets, sweatpants, joggers, pants","Hoodies, sweatshirts, pullovers, jackets, sweatpants, joggers, pants",Europe,USD,7.29,2.4,13,2,23,1.5,48,1.2,73,1,
"Hoodies, sweatshirts, pullovers, jackets, sweatpants, joggers, pants","Hoodies, sweatshirts, pullovers, jackets, sweatpants, joggers, pants",UK,USD,7.29,2.4,13,2,23,1.5,48,1.2,73,1,
"Hoodies, sweatshirts, pullovers, jackets, sweatpants, joggers, pants","Hoodies, sweatshirts, pullovers, jackets, sweatpants, joggers, pants","EFTA States",USD,11.39,2.2,13,2,23,1.7,48,1.3,73,1.1,
"Hoodies, sweatshirts, pullovers, jackets, sweatpants, joggers, pants","Hoodies, sweatshirts, pullovers, jackets, sweatpants, joggers, pants",Canada,USD,10.59,2.35,13,1.9,23,1.7,48,1.5,73,1.2,
"Hoodies, sweatshirts, pullovers, jackets, sweatpants, joggers, pants","Hoodies, sweatshirts, pullovers, jackets, sweatpants, joggers, pants","Australia / New Zealand",USD,12.49,2.25,,,,,,,,,
"Hoodies, sweatshirts, pullovers, jackets, sweatpants, joggers, pants","Hoodies, sweatshirts, pullovers, jackets, sweatpants, joggers, pants",Japan,USD,7.89,2.6,,,,,,,,,
"Hoodies, sweatshirts, pullovers, jackets, sweatpants, joggers, pants","Hoodies, sweatshirts, pullovers, jackets, sweatpants, joggers, pants",Brazil,USD,17.69,8,13,4.25,23,3.5,48,2.75,73,2,
"Hoodies, sweatshirts, pullovers, jackets, sweatpants, joggers, pants","Hoodies, sweatshirts, pullovers, jackets, sweatpants, joggers, pants",Worldwide,USD,17.69,8,13,4.25,23,3.5,48,2.75,73,2,
"Hoodies, sweatshirts, pullovers, jackets, sweatpants, joggers, pants","Sherpa Jackets",USA,USD,13.49,4,,,,,,,,,
"Hoodies, sweatshirts, pullovers, jackets, sweatpants, joggers, pants","Sherpa Jackets",Europe,USD,19.09,9.2,,,,,,,,,
"Hoodies, sweatshirts, pullovers, jackets, sweatpants, joggers, pants","Sherpa Jackets",UK,USD,17.99,8.65,,,,,,,,,
"Hoodies, sweatshirts, pullovers, jackets, sweatpants, joggers, pants","Sherpa Jackets","EFTA States",USD,15.59,6.35,,,,,,,,,
"Hoodies, sweatshirts, pullovers, jackets, sweatpants, joggers, pants","Sherpa Jackets",Canada,USD,14.69,6.05,,,,,,,,,
"Hoodies, sweatshirts, pullovers, jackets, sweatpants, joggers, pants","Sherpa Jackets","Australia / New Zealand",USD,37.59,18.25,,,,,,,,,
"Hoodies, sweatshirts, pullovers, jackets, sweatpants, joggers, pants","Sherpa Jackets",Japan,USD,44.89,18,,,,,,,,,
"Hoodies, sweatshirts, pullovers, jackets, sweatpants, joggers, pants","Sherpa Jackets",Brazil,USD,41.59,20,,,,,,,,,
"Hoodies, sweatshirts, pullovers, jackets, sweatpants, joggers, pants","Sherpa Jackets",Worldwide,USD,41.59,20,,,,,,,,,
"Hoodies, sweatshirts, pullovers, jackets, sweatpants, joggers, pants","Classic Fit Knitted Crew Neck Sweater, Knitted Cardigan, Women's Straight Bottom Knitted Sweater",USA,USD,11.89,5.75,,,,,,,,,
"Hoodies, sweatshirts, pullovers, jackets, sweatpants, joggers, pants","Classic Fit Knitted Crew Neck Sweater, Knitted Cardigan, Women's Straight Bottom Knitted Sweater",Europe,USD,11.39,5.5,,,,,,,,,
"Hoodies, sweatshirts, pullovers, jackets, sweatpants, joggers, pants","Classic Fit Knitted Crew Neck Sweater, Knitted Cardigan, Women's Straight Bottom Knitted Sweater",UK,USD,10.89,5.25,,,,,,,,,
"Hoodies, sweatshirts, pullovers, jackets, sweatpants, joggers, pants","Classic Fit Knitted Crew Neck Sweater, Knitted Cardigan, Women's Straight Bottom Knitted Sweater","EFTA States",USD,17.69,9,,,,,,,,,
"Hoodies, sweatshirts, pullovers, jackets, sweatpants, joggers, pants","Classic Fit Knitted Crew Neck Sweater, Knitted Cardigan, Women's Straight Bottom Knitted Sweater",Canada,USD,10.89,5.25,,,,,,,,,
"Hoodies, sweatshirts, pullovers, jackets, sweatpants, joggers, pants","Classic Fit Knitted Crew Neck Sweater, Knitted Cardigan, Women's Straight Bottom Knitted Sweater","Australia / New Zealand",USD,10.89,5.25,,,,,,,,,
"Hoodies, sweatshirts, pullovers, jackets, sweatpants, joggers, pants","Classic Fit Knitted Crew Neck Sweater, Knitted Cardigan, Women's Straight Bottom Knitted Sweater",Japan,USD,10.89,5.25,,,,,,,,,
"Hoodies, sweatshirts, pullovers, jackets, sweatpants, joggers, pants","Classic Fit Knitted Crew Neck Sweater, Knitted Cardigan, Women's Straight Bottom Knitted Sweater",Brazil,USD,13.99,6.25,,,,,,,,,
"Hoodies, sweatshirts, pullovers, jackets, sweatpants, joggers, pants","Classic Fit Knitted Crew Neck Sweater, Knitted Cardigan, Women's Straight Bottom Knitted Sweater",Worldwide,USD,13.99,6.25,,,,,,,,,
"All-over print clothing and textiles","Shirts, leggings, dresses, skirts, sports bras, shorts, swimwear, flags, fabrics, hair accessories",USA,USD,4.69,2,8,1.15,23,1,48,0.75,83,0.5,
"All-over print clothing and textiles","Shirts, leggings, dresses, skirts, sports bras, shorts, swimwear, flags, fabrics, hair accessories",Europe,USD,4.99,1.45,,,,,,,,,
"All-over print clothing and textiles","Shirts, leggings, dresses, skirts, sports bras, shorts, swimwear, flags, fabrics, hair accessories",UK,USD,4.59,1.5,8,1,23,0.75,48,0.5,83,0.35,
"All-over print clothing and textiles","Shirts, leggings, dresses, skirts, sports bras, shorts, swimwear, flags, fabrics, hair accessories","EFTA States",USD,10.39,1.1,8,1,23,0.8,48,0.6,83,0.4,
"All-over print clothing and textiles","Shirts, leggings, dresses, skirts, sports bras, shorts, swimwear, flags, fabrics, hair accessories",Canada,USD,7.29,1.95,8,1.4,23,1.2,48,1,83,0.8,
"All-over print clothing and textiles","Shirts, leggings, dresses, skirts, sports bras, shorts, swimwear, flags, fabrics, hair accessories","Australia / New Zealand",USD,7.99,1.4,,,,,,,,,
"All-over print clothing and textiles","Shirts, leggings, dresses, skirts, sports bras, shorts, swimwear, flags, fabrics, hair accessories",Japan,USD,4.89,2,,,,,,,,,
"All-over print clothing and textiles","Shirts, leggings, dresses, skirts, sports bras, shorts, swimwear, flags, fabrics, hair accessories",Brazil,USD,12.49,6,8,2.5,23,2,48,1.5,83,1,
"All-over print clothing and textiles","Shirts, leggings, dresses, skirts, sports bras, shorts, swimwear, flags, fabrics, hair accessories",Worldwide,USD,12.49,6,8,2.5,23,2,48,1.5,83,1,
"All-over print clothing and textiles","All-Over Print Recycled Hockey Fan Jersey, All-Over Print Men's Board Shorts, All-Over Print Flare Leggings, All-Over Print Recycled Unisex Baseball Jersey, All-Over Print Premium Basketball Jersey, All-Over Print American Football Jersey",USA,USD,4.95,2.2,8,1.15,23,1,48,0.75,83,0.5,
"All-over print clothing and textiles","All-Over Print Recycled Hockey Fan Jersey, All-Over Print Men's Board Shorts, All-Over Print Flare Leggings, All-Over Print Recycled Unisex Baseball Jersey, All-Over Print Premium Basketball Jersey, All-Over Print American Football Jersey",Europe,USD,4.99,1.45,8,1,23,0.75,48,0.5,83,0.35,
"All-over print clothing and textiles","All-Over Print Recycled Hockey Fan Jersey, All-Over Print Men's Board Shorts, All-Over Print Flare Leggings, All-Over Print Recycled Unisex Baseball Jersey, All-Over Print Premium Basketball Jersey, All-Over Print American Football Jersey",UK,USD,4.79,1.5,8,1,23,0.75,48,0.5,83,0.35,
"All-over print clothing and textiles","All-Over Print Recycled Hockey Fan Jersey, All-Over Print Men's Board Shorts, All-Over Print Flare Leggings, All-Over Print Recycled Unisex Baseball Jersey, All-Over Print Premium Basketball Jersey, All-Over Print American Football Jersey","EFTA States",USD,10.39,1.1,8,1,23,0.8,48,0.6,83,0.4,
"All-over print clothing and textiles","All-Over Print Recycled Hockey Fan Jersey, All-Over Print Men's Board Shorts, All-Over Print Flare Leggings, All-Over Print Recycled Unisex Baseball Jersey, All-Over Print Premium Basketball Jersey, All-Over Print American Football Jersey",Canada,USD,8.59,1.95,8,1.4,23,1.2,48,1,83,0.8,
"All-over print clothing and textiles","All-Over Print Recycled Hockey Fan Jersey, All-Over Print Men's Board Shorts, All-Over Print Flare Leggings, All-Over Print Recycled Unisex Baseball Jersey, All-Over Print Premium Basketball Jersey, All-Over Print American Football Jersey","Australia / New Zealand",USD,7.99,1.4,8,1,23,0.6,48,0.6,83,0.5,
"All-over print clothing and textiles","All-Over Print Recycled Hockey Fan Jersey, All-Over Print Men's Board Shorts, All-Over Print Flare Leggings, All-Over Print Recycled Unisex Baseball Jersey, All-Over Print Premium Basketball Jersey, All-Over Print American Football Jersey",Japan,USD,4.95,2,8,1.3,23,1.1,48,0.9,83,0.7,
"All-over print clothing and textiles","All-Over Print Recycled Hockey Fan Jersey, All-Over Print Men's Board Shorts, All-Over Print Flare Leggings, All-Over Print Recycled Unisex Baseball Jersey, All-Over Print Premium Basketball Jersey, All-Over Print American Football Jersey",Brazil,USD,12.49,6,8,2.5,23,2,48,1.5,83,1,
"All-over print clothing and textiles","All-Over Print Recycled Hockey Fan Jersey, All-Over Print Men's Board Shorts, All-Over Print Flare Leggings, All-Over Print Recycled Unisex Baseball Jersey, All-Over Print Premium Basketball Jersey, All-Over Print American Football Jersey",Worldwide,USD,12.49,6,8,2.5,23,2,48,1.5,83,1,
"All-over print clothing and textiles","Hoodies, sweatshirts, jackets, pants, joggers",USA,USD,8.29,2.5,13,1.75,23,1.5,48,1.3,73,1.2,
"All-over print clothing and textiles","Hoodies, sweatshirts, jackets, pants, joggers",Europe,USD,7.29,2.4,13,2,23,1.5,48,1.2,73,1,
"All-over print clothing and textiles","Hoodies, sweatshirts, jackets, pants, joggers",UK,USD,7.29,2.4,13,2,23,1.5,48,1.2,73,1,
"All-over print clothing and textiles","Hoodies, sweatshirts, jackets, pants, joggers","EFTA States",USD,11.39,2.2,13,2,23,1.7,48,1.3,73,1.1,
"All-over print clothing and textiles","Hoodies, sweatshirts, jackets, pants, joggers",Canada,USD,9.79,2.35,13,1.9,23,1.7,48,1.5,73,1.2,
"All-over print clothing and textiles","Hoodies, sweatshirts, jackets, pants, joggers","Australia / New Zealand",USD,12.49,2.25,,,,,,,,,
"All-over print clothing and textiles","Hoodies, sweatshirts, jackets, pants, joggers",Japan,USD,7.89,2.6,,,,,,,,,
"All-over print clothing and textiles","Hoodies, sweatshirts, jackets, pants, joggers",Brazil,USD,17.69,8,13,4.25,23,3.5,48,2.75,73,2,
"All-over print clothing and textiles","Hoodies, sweatshirts, jackets, pants, joggers",Worldwide,USD,17.69,8,13,4.25,23,3.5,48,2.75,73,2,
"All-over print clothing and textiles","All-Over Print Men's Windbreaker, All-Over Print Unisex Track Pants, All-Over Print Women's Cropped Windbreaker, All-Over Print Women's Pajamas (Shorts, Pants, Short Sleeve Top, Long Sleeve Top), All-Over Print Slip Dress",USA,USD,8.29,7.99,,,,,,,,,
"All-over print clothing and textiles","All-Over Print Men's Windbreaker, All-Over Print Unisex Track Pants, All-Over Print Women's Cropped Windbreaker, All-Over Print Women's Pajamas (Shorts, Pants, Short Sleeve Top, Long Sleeve Top), All-Over Print Slip Dress",Europe,USD,9.29,8.99,,,,,,,,,
"All-over print clothing and textiles","All-Over Print Men's Windbreaker, All-Over Print Unisex Track Pants, All-Over Print Women's Cropped Windbreaker, All-Over Print Women's Pajamas (Shorts, Pants, Short Sleeve Top, Long Sleeve Top), All-Over Print Slip Dress",UK,USD,9.29,8.99,,,,,,,,,
"All-over print clothing and textiles","All-Over Print Men's Windbreaker, All-Over Print Unisex Track Pants, All-Over Print Women's Cropped Windbreaker, All-Over Print Women's Pajamas (Shorts, Pants, Short Sleeve Top, Long Sleeve Top), All-Over Print Slip Dress","EFTA States",USD,9.29,8.99,,,,,,,,,
"All-over print clothing and textiles","All-Over Print Men's Windbreaker, All-Over Print Unisex Track Pants, All-Over Print Women's Cropped Windbreaker, All-Over Print Women's Pajamas (Shorts, Pants, Short Sleeve Top, Long Sleeve Top), All-Over Print Slip Dress",Canada,USD,8.29,7.99,,,,,,,,,
"All-over print clothing and textiles","All-Over Print Men's Windbreaker, All-Over Print Unisex Track Pants, All-Over Print Women's Cropped Windbreaker, All-Over Print Women's Pajamas (Shorts, Pants, Short Sleeve Top, Long Sleeve Top), All-Over Print Slip Dress","Australia / New Zealand",USD,8.29,7.99,,,,,,,,,
"All-over print clothing and textiles","All-Over Print Men's Windbreaker, All-Over Print Unisex Track Pants, All-Over Print Women's Cropped Windbreaker, All-Over Print Women's Pajamas (Shorts, Pants, Short Sleeve Top, Long Sleeve Top), All-Over Print Slip Dress",Japan,USD,8.29,7.99,,,,,,,,,
"All-over print clothing and textiles","All-Over Print Men's Windbreaker, All-Over Print Unisex Track Pants, All-Over Print Women's Cropped Windbreaker, All-Over Print Women's Pajamas (Shorts, Pants, Short Sleeve Top, Long Sleeve Top), All-Over Print Slip Dress",Brazil,USD,9.29,8.99,,,,,,,,,
"All-over print clothing and textiles","All-Over Print Men's Windbreaker, All-Over Print Unisex Track Pants, All-Over Print Women's Cropped Windbreaker, All-Over Print Women's Pajamas (Shorts, Pants, Short Sleeve Top, Long Sleeve Top), All-Over Print Slip Dress",Worldwide,USD,9.29,8.99,,,,,,,,,
"Face coverings","Neck gaiters, face masks",USA,USD,4.69,2,8,1.15,23,1,48,0.75,83,0.5,
"Face coverings","Neck gaiters, face masks",Europe,USD,4.99,1.45,,,,,,,,,
"Face coverings","Neck gaiters, face masks",UK,USD,4.59,1.5,8,1,23,0.75,48,0.5,83,0.35,
"Face coverings","Neck gaiters, face masks","EFTA States",USD,10.39,1.1,8,1,23,0.8,48,0.6,83,0.4,
"Face coverings","Neck gaiters, face masks",Canada,USD,7.29,1.95,8,1.4,23,1.2,48,1,83,0.8,
"Face coverings","Neck gaiters, face masks","Australia / New Zealand",USD,7.99,1.4,,,,,,,,,
"Face coverings","Neck gaiters, face masks",Japan,USD,4.89,2,,,,,,,,,
"Face coverings","Neck gaiters, face masks",Brazil,USD,12.49,6,8,2.5,23,2,48,1.5,83,1,
"Face coverings","Neck gaiters, face masks",Worldwide,USD,12.49,6,8,2.5,23,2,48,1.5,83,1,
"Kids and youth clothing","T-shirts, all-over print shirts, hoodies, baby bibs, leggings, baby bodysuits, swimwear, baby jackets",USA,USD,4.69,2,8,1.15,23,1,48,0.75,83,0.5,
"Kids and youth clothing","T-shirts, all-over print shirts, hoodies, baby bibs, leggings, baby bodysuits, swimwear, baby jackets",Europe,USD,4.99,1.45,,,,,,,,,
"Kids and youth clothing","T-shirts, all-over print shirts, hoodies, baby bibs, leggings, baby bodysuits, swimwear, baby jackets",UK,USD,4.59,1.5,8,1,23,0.75,48,0.5,83,0.35,
"Kids and youth clothing","T-shirts, all-over print shirts, hoodies, baby bibs, leggings, baby bodysuits, swimwear, baby jackets","EFTA States",USD,10.39,1.1,8,1,23,0.8,48,0.6,83,0.4,
"Kids and youth clothing","T-shirts, all-over print shirts, hoodies, baby bibs, leggings, baby bodysuits, swimwear, baby jackets",Canada,USD,7.29,1.95,8,1.4,23,1.2,48,1,83,0.8,
"Kids and youth clothing","T-shirts, all-over print shirts, hoodies, baby bibs, leggings, baby bodysuits, swimwear, baby jackets","Australia / New Zealand",USD,7.99,1.4,,,,,,,,,
"Kids and youth clothing","T-shirts, all-over print shirts, hoodies, baby bibs, leggings, baby bodysuits, swimwear, baby jackets",Japan,USD,4.89,2,,,,,,,,,
"Kids and youth clothing","T-shirts, all-over print shirts, hoodies, baby bibs, leggings, baby bodysuits, swimwear, baby jackets",Brazil,USD,12.49,6,8,2.5,23,2,48,1.5,83,1,
"Kids and youth clothing","T-shirts, all-over print shirts, hoodies, baby bibs, leggings, baby bodysuits, swimwear, baby jackets",Worldwide,USD,12.49,6,8,2.5,23,2,48,1.5,83,1,
"Kids and youth clothing","Youth Heavy Blend Hoodie | Gildan 18500B",USA,USD,8.29,2.5,13,1.75,23,1.5,48,1.3,73,1.2,
"Kids and youth clothing","Youth Heavy Blend Hoodie | Gildan 18500B",Europe,USD,7.29,2.4,13,2,23,1.5,48,1.2,73,1,
"Kids and youth clothing","Youth Heavy Blend Hoodie | Gildan 18500B",UK,USD,7.29,2.4,13,2,23,1.5,48,1.2,73,1,
"Kids and youth clothing","Youth Heavy Blend Hoodie | Gildan 18500B","EFTA States",USD,11.39,2.2,13,2,23,1.7,48,1.3,73,1.1,
"Kids and youth clothing","Youth Heavy Blend Hoodie | Gildan 18500B",Canada,USD,9.79,2.35,13,1.9,23,1.7,48,1.5,73,1.2,
"Kids and youth clothing","Youth Heavy Blend Hoodie | Gildan 18500B","Australia / New Zealand",USD,12.49,2.25,,,,,,,,,
"Kids and youth clothing","Youth Heavy Blend Hoodie | Gildan 18500B",Japan,USD,7.89,2.6,,,,,,,,,
"Kids and youth clothing","Youth Heavy Blend Hoodie | Gildan 18500B",Brazil,USD,17.69,8,13,4.25,23,3.5,48,2.75,73,2,
"Kids and youth clothing","Youth Heavy Blend Hoodie | Gildan 18500B",Worldwide,USD,17.69,8,13,4.25,23,3.5,48,2.75,73,2,
"Embroidered hats, beanies, and visors","Dad hats, baseball caps, snapbacks, trucker hats, 5-panel hats, mesh hats, beanies, bucket hats, visors, all-over print beanies",USA,USD,4.69,2,8,1.15,23,1,48,0.75,83,0.5,
"Embroidered hats, beanies, and visors","Dad hats, baseball caps, snapbacks, trucker hats, 5-panel hats, mesh hats, beanies, bucket hats, visors, all-over print beanies",Europe,USD,4.99,1.45,,,,,,,,,
"Embroidered hats, beanies, and visors","Dad hats, baseball caps, snapbacks, trucker hats, 5-panel hats, mesh hats, beanies, bucket hats, visors, all-over print beanies",UK,USD,4.59,1.5,8,1,23,0.75,48,0.5,83,0.35,
"Embroidered hats, beanies, and visors","Dad hats, baseball caps, snapbacks, trucker hats, 5-panel hats, mesh hats, beanies, bucket hats, visors, all-over print beanies","EFTA States",USD,10.39,1.1,8,1,23,0.8,48,0.6,83,0.4,
"Embroidered hats, beanies, and visors","Dad hats, baseball caps, snapbacks, trucker hats, 5-panel hats, mesh hats, beanies, bucket hats, visors, all-over print beanies",Canada,USD,7.89,1.95,8,1.4,23,1.2,48,1,83,0.8,
"Embroidered hats, beanies, and visors","Dad hats, baseball caps, snapbacks, trucker hats, 5-panel hats, mesh hats, beanies, bucket hats, visors, all-over print beanies","Australia / New Zealand",USD,8.09,1.4,8,1,23,0.6,48,0.6,83,0.5,
"Embroidered hats, beanies, and visors","Dad hats, baseball caps, snapbacks, trucker hats, 5-panel hats, mesh hats, beanies, bucket hats, visors, all-over print beanies",Japan,USD,4.89,2,,,,,,,,,
"Embroidered hats, beanies, and visors","Dad hats, baseball caps, snapbacks, trucker hats, 5-panel hats, mesh hats, beanies, bucket hats, visors, all-over print beanies",Brazil,USD,12.49,6,8,2.5,23,2,48,1.5,83,1,
"Embroidered hats, beanies, and visors","Dad hats, baseball caps, snapbacks, trucker hats, 5-panel hats, mesh hats, beanies, bucket hats, visors, all-over print beanies",Worldwide,USD,12.49,6,8,2.5,23,2,48,1.5,83,1,
"Bags and Accessories ","Tote bags, drawstring bags, fanny packs, everyday crossbody bag",USA,USD,4.69,2,8,1.15,23,1,48,0.75,83,0.5,
"Bags and Accessories ","Tote bags, drawstring bags, fanny packs, everyday crossbody bag",Europe,USD,4.99,1.45,,,,,,,,,
"Bags and Accessories ","Tote bags, drawstring bags, fanny packs, everyday crossbody bag",UK,USD,4.59,1.5,8,1,23,0.75,48,0.5,83,0.35,
"Bags and Accessories ","Tote bags, drawstring bags, fanny packs, everyday crossbody bag","EFTA States",USD,10.39,1.1,8,1,23,0.8,48,0.6,83,0.4,
"Bags and Accessories ","Tote bags, drawstring bags, fanny packs, everyday crossbody bag",Canada,USD,7.29,1.95,8,1.4,23,1.2,48,1,83,0.8,
"Bags and Accessories ","Tote bags, drawstring bags, fanny packs, everyday crossbody bag","Australia / New Zealand",USD,7.99,1.4,,,,,,,,,
"Bags and Accessories ","Tote bags, drawstring bags, fanny packs, everyday crossbody bag",Japan,USD,4.89,2,,,,,,,,,
"Bags and Accessories ","Tote bags, drawstring bags, fanny packs, everyday crossbody bag",Brazil,USD,12.49,6,8,2.5,23,2,48,1.5,83,1,
"Bags and Accessories ","Tote bags, drawstring bags, fanny packs, everyday crossbody bag",Worldwide,USD,12.49,6,8,2.5,23,2,48,1.5,83,1,
"Bags and Accessories ",Backpacks,USA,USD,10.89,4.5,,,,,,,,,
"Bags and Accessories ",Backpacks,Europe,USD,13.79,5.75,,,,,,,,,
"Bags and Accessories ",Backpacks,UK,USD,11.49,4.95,,,,,,,,,
"Bags and Accessories ",Backpacks,"EFTA States",USD,16.69,6.9,,,,,,,,,
"Bags and Accessories ",Backpacks,Canada,USD,12.69,6.75,,,,,,,,,
"Bags and Accessories ",Backpacks,"Australia / New Zealand",USD,37.59,7.3,,,,,,,,,
"Bags and Accessories ",Backpacks,Japan,USD,55.99,7.05,,,,,,,,,
"Bags and Accessories ",Backpacks,Brazil,USD,51.99,19.99,,,,,,,,,
"Bags and Accessories ",Backpacks,Worldwide,USD,51.99,19.99,,,,,,,,,
"Bags and Accessories ","Duffle Bags",USA,USD,13.99,4,,,,,,,,,
"Bags and Accessories ","Duffle Bags",Europe,USD,13.19,5.2,,,,,,,,,
"Bags and Accessories ","Duffle Bags",UK,USD,16.59,7.4,,,,,,,,,
"Bags and Accessories ","Duffle Bags","EFTA States",USD,15.59,6.35,,,,,,,,,
"Bags and Accessories ","Duffle Bags",Canada,USD,15.69,6.5,,,,,,,,,
"Bags and Accessories ","Duffle Bags","Australia / New Zealand",USD,26.59,8.8,,,,,,,,,
"Bags and Accessories ","Duffle Bags",Japan,USD,44.89,18,,,,,,,,,
"Bags and Accessories ","Duffle Bags",Brazil,USD,41.59,20,,,,,,,,,
"Bags and Accessories ","Duffle Bags",Worldwide,USD,41.59,20,,,,,,,,,
"Bags and Accessories ","All-Over Print Crossbody Bag",USA,USD,8.29,7.99,,,,,,,,,
"Bags and Accessories ","All-Over Print Crossbody Bag",Europe,USD,9.29,8.99,,,,,,,,,
"Bags and Accessories ","All-Over Print Crossbody Bag",UK,USD,9.29,8.99,,,,,,,,,
"Bags and Accessories ","All-Over Print Crossbody Bag","EFTA States",USD,9.29,8.99,,,,,,,,,
"Bags and Accessories ","All-Over Print Crossbody Bag",Canada,USD,8.29,7.99,,,,,,,,,
"Bags and Accessories ","All-Over Print Crossbody Bag","Australia / New Zealand",USD,8.29,7.99,,,,,,,,,
"Bags and Accessories ","All-Over Print Crossbody Bag",Japan,USD,8.29,7.99,,,,,,,,,
"Bags and Accessories ","All-Over Print Crossbody Bag",Brazil,USD,9.29,8.99,,,,,,,,,
"Bags and Accessories ","All-Over Print Crossbody Bag",Worldwide,USD,9.29,8.99,,,,,,,,,
"Bags and Accessories ","All-Over Print Utility Crossbody Bag",USA,USD,4.69,2,8,1.15,23,1,48,0.75,83,0.5,
"Bags and Accessories ","All-Over Print Utility Crossbody Bag",Europe,USD,4.99,1.45,,,,,,,,,
"Bags and Accessories ","All-Over Print Utility Crossbody Bag",UK,USD,4.59,1.5,8,1,23,0.75,48,0.5,83,0.35,
"Bags and Accessories ","All-Over Print Utility Crossbody Bag","EFTA States",USD,10.39,1.1,8,1,23,0.8,48,0.6,83,0.4,
"Bags and Accessories ","All-Over Print Utility Crossbody Bag",Canada,USD,7.29,1.95,8,1.4,23,1.2,48,1,83,0.8,
"Bags and Accessories ","All-Over Print Utility Crossbody Bag","Australia / New Zealand",USD,7.99,1.4,,,,,,,,,
"Bags and Accessories ","All-Over Print Utility Crossbody Bag",Japan,USD,4.89,2,,,,,,,,,
"Bags and Accessories ","All-Over Print Utility Crossbody Bag",Brazil,USD,12.49,6,8,2.5,23,2,48,1.5,83,1,
"Bags and Accessories ","All-Over Print Utility Crossbody Bag",Worldwide,USD,12.49,6,8,2.5,23,2,48,1.5,83,1,
"Bags and Accessories ","Weekender Bags",USA,USD,8.29,2.5,13,1.75,23,1.5,48,1.3,73,1.2,
"Bags and Accessories ","Weekender Bags",Europe,USD,7.29,2.4,13,2,23,1.5,48,1.2,73,1,
"Bags and Accessories ","Weekender Bags",UK,USD,7.29,2.4,13,2,23,1.5,48,1.2,73,1,
"Bags and Accessories ","Weekender Bags","EFTA States",USD,11.39,2.2,13,2,23,1.7,48,1.3,73,1.1,
"Bags and Accessories ","Weekender Bags",Canada,USD,9.79,2.35,13,1.9,23,1.7,48,1.5,73,1.2,
"Bags and Accessories ","Weekender Bags","Australia / New Zealand",USD,12.49,2.25,,,,,,,,,
"Bags and Accessories ","Weekender Bags",Japan,USD,7.89,2.6,,,,,,,,,
"Bags and Accessories ","Weekender Bags",Brazil,USD,17.69,8,13,4.25,23,3.5,48,2.75,73,2,
"Bags and Accessories ","Weekender Bags",Worldwide,USD,17.69,8,13,4.25,23,3.5,48,2.75,73,2,
"Bags and Accessories ","All-Over Print Shopping Bag",USA,USD,4.19,3.99,,,,,,,,,
"Bags and Accessories ","All-Over Print Shopping Bag",Europe,USD,5.19,4.99,,,,,,,,,
"Bags and Accessories ","All-Over Print Shopping Bag",UK,USD,5.19,4.99,,,,,,,,,
"Bags and Accessories ","All-Over Print Shopping Bag","EFTA States",USD,5.19,4.99,,,,,,,,,
"Bags and Accessories ","All-Over Print Shopping Bag",Canada,USD,4.19,3.99,,,,,,,,,
"Bags and Accessories ","All-Over Print Shopping Bag","Australia / New Zealand",USD,4.19,3.99,,,,,,,,,
"Bags and Accessories ","All-Over Print Shopping Bag",Japan,USD,4.19,3.99,,,,,,,,,
"Bags and Accessories ","All-Over Print Shopping Bag",Brazil,USD,5.19,4.99,,,,,,,,,
"Bags and Accessories ","All-Over Print Shopping Bag",Worldwide,USD,5.19,4.99,,,,,,,,,
"Bags and Accessories ","Clear Tote Bag, All-Over Print Utility Backpack",USA,USD,8.29,7.99,,,,,,,,,
"Bags and Accessories ","Clear Tote Bag, All-Over Print Utility Backpack",Europe,USD,9.29,8.99,,,,,,,,,
"Bags and Accessories ","Clear Tote Bag, All-Over Print Utility Backpack",UK,USD,9.29,8.99,,,,,,,,,
"Bags and Accessories ","Clear Tote Bag, All-Over Print Utility Backpack","EFTA States",USD,9.29,8.99,,,,,,,,,
"Bags and Accessories ","Clear Tote Bag, All-Over Print Utility Backpack",Canada,USD,8.29,7.99,,,,,,,,,
"Bags and Accessories ","Clear Tote Bag, All-Over Print Utility Backpack","Australia / New Zealand",USD,8.29,7.99,,,,,,,,,
"Bags and Accessories ","Clear Tote Bag, All-Over Print Utility Backpack",Japan,USD,8.29,7.99,,,,,,,,,
"Bags and Accessories ","Clear Tote Bag, All-Over Print Utility Backpack",Brazil,USD,9.29,8.99,,,,,,,,,
"Bags and Accessories ","Clear Tote Bag, All-Over Print Utility Backpack",Worldwide,USD,9.29,8.99,,,,,,,,,
"Bags and Accessories ","Luggage tag",USA,USD,6.19,0.99,,,,,,,,,
"Bags and Accessories ","Luggage tag",Europe,USD,14.09,6.99,,,,,,,,,
"Bags and Accessories ","Luggage tag",UK,USD,14.09,6.99,,,,,,,,,
"Bags and Accessories ","Luggage tag","EFTA States",USD,14.09,6.99,,,,,,,,,
"Bags and Accessories ","Luggage tag",Canada,USD,14.09,6.29,,,,,,,,,
"Bags and Accessories ","Luggage tag","Australia / New Zealand",USD,14.09,6.99,,,,,,,,,
"Bags and Accessories ","Luggage tag",Japan,USD,14.09,6.99,,,,,,,,,
"Bags and Accessories ","Luggage tag",Brazil,USD,14.09,6.99,,,,,,,,,
"Bags and Accessories ","Luggage tag",Worldwide,USD,14.09,6.99,,,,,,,,,
"Bags and Accessories ","Paper Gift Bag",USA,USD,5.99,0.99,,,,,,,,,
"Bags and Accessories ","Paper Gift Bag",Europe,USD,20.79,12.49,,,,,,,,,
"Bags and Accessories ","Paper Gift Bag",UK,USD,20.79,12.49,,,,,,,,,
"Bags and Accessories ","Paper Gift Bag","EFTA States",USD,20.79,12.49,,,,,,,,,
"Bags and Accessories ","Paper Gift Bag",Canada,USD,20.79,12.49,,,,,,,,,
"Bags and Accessories ","Paper Gift Bag","Australia / New Zealand",USD,20.79,12.49,,,,,,,,,
"Bags and Accessories ","Paper Gift Bag",Japan,USD,20.79,12.49,,,,,,,,,
"Bags and Accessories ","Paper Gift Bag",Brazil,USD,20.79,12.49,,,,,,,,,
"Bags and Accessories ","Paper Gift Bag",Worldwide,USD,20.79,12.49,,,,,,,,,
"Tech accessories","Phone cases, AirPods cases",USA,USD,5.19,1,,,,,,,,,
"Tech accessories","Phone cases, AirPods cases",Europe,USD,7.29,3,,,,,,,,,
"Tech accessories","Phone cases, AirPods cases",UK,USD,2.59,0.9,,,,,,,,,
"Tech accessories","Phone cases, AirPods cases","EFTA States",USD,7.29,3,,,,,,,,,
"Tech accessories","Phone cases, AirPods cases",Canada,USD,9.29,0.9,,,,,,,,,
"Tech accessories","Phone cases, AirPods cases","Australia / New Zealand",USD,8.39,1.9,,,,,,,,,
"Tech accessories","Phone cases, AirPods cases",Japan,USD,5.19,1,,,,,,,,,
"Tech accessories","Phone cases, AirPods cases",Brazil,USD,8.29,4,,,,,,,,,
"Tech accessories","Phone cases, AirPods cases",Worldwide,USD,8.29,4,,,,,,,,,
"Tech accessories","Mouse Pad",USA,USD,4.69,2,8,1.15,23,1,48,0.75,83,0.5,
"Tech accessories","Mouse Pad",Europe,USD,4.99,1.45,,,,,,,,,
"Tech accessories","Mouse Pad",UK,USD,4.59,1.5,8,1,23,0.75,48,0.5,83,0.35,
"Tech accessories","Mouse Pad","EFTA States",USD,10.39,1.1,8,1,23,0.8,48,0.6,83,0.4,
"Tech accessories","Mouse Pad",Canada,USD,7.29,1.95,8,1.4,23,1.2,48,1,83,0.8,
"Tech accessories","Mouse Pad","Australia / New Zealand",USD,7.99,1.4,,,,,,,,,
"Tech accessories","Mouse Pad",Japan,USD,4.89,2,,,,,,,,,
"Tech accessories","Mouse Pad",Brazil,USD,12.49,6,8,2.5,23,2,48,1.5,83,1,
"Tech accessories","Mouse Pad",Worldwide,USD,12.49,6,8,2.5,23,2,48,1.5,83,1,
"Tech accessories","Gaming Mouse Pad (18″ × 16″)",USA,USD,10.39,3.5,,,,,,,,,
"Tech accessories","Gaming Mouse Pad (18″ × 16″)",Europe,USD,10.99,2.5,,,,,,,,,
"Tech accessories","Gaming Mouse Pad (18″ × 16″)",UK,USD,10.39,2.5,,,,,,,,,
"Tech accessories","Gaming Mouse Pad (18″ × 16″)","EFTA States",USD,16.59,2,,,,,,,,,
"Tech accessories","Gaming Mouse Pad (18″ × 16″)",Canada,USD,12.49,3,,,,,,,,,
"Tech accessories","Gaming Mouse Pad (18″ × 16″)","Australia / New Zealand",USD,18.69,11,,,,,,,,,
"Tech accessories","Gaming Mouse Pad (18″ × 16″)",Japan,USD,15.59,2.5,,,,,,,,,
"Tech accessories","Gaming Mouse Pad (18″ × 16″)",Brazil,USD,15.59,2.5,,,,,,,,,
"Tech accessories","Gaming Mouse Pad (18″ × 16″)",Worldwide,USD,15.59,2.5,,,,,,,,,
"Tech accessories","Gaming Mouse Pad (36″ × 18″)",USA,USD,12.49,3.5,,,,,,,,,
"Tech accessories","Gaming Mouse Pad (36″ × 18″)",Europe,USD,16.59,2.5,,,,,,,,,
"Tech accessories","Gaming Mouse Pad (36″ × 18″)",UK,USD,16.59,2.5,,,,,,,,,
"Tech accessories","Gaming Mouse Pad (36″ × 18″)","EFTA States",USD,18.69,2,,,,,,,,,
"Tech accessories","Gaming Mouse Pad (36″ × 18″)",Canada,USD,16.59,3,,,,,,,,,
"Tech accessories","Gaming Mouse Pad (36″ × 18″)","Australia / New Zealand",USD,28.09,13,,,,,,,,,
"Tech accessories","Gaming Mouse Pad (36″ × 18″)",Japan,USD,16.59,2.5,,,,,,,,,
"Tech accessories","Gaming Mouse Pad (36″ × 18″)",Brazil,USD,16.59,2.5,,,,,,,,,
"Tech accessories","Gaming Mouse Pad (36″ × 18″)",Worldwide,USD,16.59,2.5,,,,,,,,,
"Tech accessories","Laptop cases",USA,USD,8.29,2.5,13,1.75,23,1.5,48,1.3,73,1.2,
"Tech accessories","Laptop cases",Europe,USD,7.29,2.4,13,2,23,1.5,48,1.2,73,1,
"Tech accessories","Laptop cases",UK,USD,7.29,2.4,13,2,23,1.5,48,1.2,73,1,
"Tech accessories","Laptop cases","EFTA States",USD,11.39,2.2,13,2,23,1.7,48,1.3,73,1.1,
"Tech accessories","Laptop cases",Canada,USD,9.79,2.35,13,1.9,23,1.7,48,1.5,73,1.2,
"Tech accessories","Laptop cases","Australia / New Zealand",USD,12.49,2.25,,,,,,,,,
"Tech accessories","Laptop cases",Japan,USD,7.89,2.6,,,,,,,,,
"Tech accessories","Laptop cases",Brazil,USD,17.69,8,13,4.25,23,3.5,48,2.75,73,2,
"Tech accessories","Laptop cases",Worldwide,USD,17.69,8,13,4.25,23,3.5,48,2.75,73,2,
Footwear,"Flip flops",USA,USD,4.69,2,8,1.15,23,1,48,0.75,83,0.5,
Footwear,"Flip flops",Europe,USD,4.99,1.45,,,,,,,,,
Footwear,"Flip flops",UK,USD,4.59,1.5,8,1,23,0.75,48,0.5,83,0.35,
Footwear,"Flip flops","EFTA States",USD,10.39,1.1,8,1,23,0.8,48,0.6,83,0.4,
Footwear,"Flip flops",Canada,USD,7.29,1.95,8,1.4,23,1.2,48,1,83,0.8,
Footwear,"Flip flops","Australia / New Zealand",USD,7.99,1.4,,,,,,,,,
Footwear,"Flip flops",Japan,USD,4.89,2,,,,,,,,,
Footwear,"Flip flops",Brazil,USD,12.49,6,8,2.5,23,2,48,1.5,83,1,
Footwear,"Flip flops",Worldwide,USD,12.49,6,8,2.5,23,2,48,1.5,83,1,
Footwear,"High top canvas shoes, slides, slip-on canvas shoes, lace-up canvas shoes, and athletic shoes",USA,USD,9.29,8.99,,,,,,,,,
Footwear,"High top canvas shoes, slides, slip-on canvas shoes, lace-up canvas shoes, and athletic shoes",Europe,USD,10.19,9.79,,,,,,,,,
Footwear,"High top canvas shoes, slides, slip-on canvas shoes, lace-up canvas shoes, and athletic shoes",UK,USD,9.59,9.19,,,,,,,,,
Footwear,"High top canvas shoes, slides, slip-on canvas shoes, lace-up canvas shoes, and athletic shoes","EFTA States",USD,11.29,10.89,,,,,,,,,
Footwear,"High top canvas shoes, slides, slip-on canvas shoes, lace-up canvas shoes, and athletic shoes",Canada,USD,9.49,9.05,,,,,,,,,
Footwear,"High top canvas shoes, slides, slip-on canvas shoes, lace-up canvas shoes, and athletic shoes","Australia / New Zealand",USD,9.29,8.99,,,,,,,,,
Footwear,"High top canvas shoes, slides, slip-on canvas shoes, lace-up canvas shoes, and athletic shoes",Japan,USD,9.29,8.99,,,,,,,,,
Footwear,"High top canvas shoes, slides, slip-on canvas shoes, lace-up canvas shoes, and athletic shoes",Brazil,USD,10.19,9.79,,,,,,,,,
"Aprons and towels","Embroidered aprons, socks, hand towels",USA,USD,4.69,2,8,1.15,23,1,48,0.75,83,0.5,
"Aprons and towels","Embroidered aprons, socks, hand towels",Europe,USD,4.99,1.45,,,,,,,,,
"Aprons and towels","Embroidered aprons, socks, hand towels",UK,USD,4.59,1.5,8,1,23,0.75,48,0.5,83,0.35,
"Aprons and towels","Embroidered aprons, socks, hand towels","EFTA States",USD,10.39,1.1,8,1,23,0.8,48,0.6,83,0.4,
"Aprons and towels","Embroidered aprons, socks, hand towels",Canada,USD,7.29,1.95,8,1.4,23,1.2,48,1,83,0.8,
"Aprons and towels","Embroidered aprons, socks, hand towels","Australia / New Zealand",USD,7.99,1.4,,,,,,,,,
"Aprons and towels","Embroidered aprons, socks, hand towels",Japan,USD,4.89,2,,,,,,,,,
"Aprons and towels","Embroidered aprons, socks, hand towels",Brazil,USD,12.49,6,8,2.5,23,2,48,1.5,83,1,
"Aprons and towels","Embroidered aprons, socks, hand towels",Worldwide,USD,12.49,6,8,2.5,23,2,48,1.5,83,1,
"Aprons and towels","Beach Towels, Cotton Towels, Bath Mats",USA,USD,8.29,2.5,13,1.75,23,1.5,48,1.3,73,1.2,
"Aprons and towels","Beach Towels, Cotton Towels, Bath Mats",Europe,USD,7.29,2.4,13,2,23,1.5,48,1.2,73,1,
"Aprons and towels","Beach Towels, Cotton Towels, Bath Mats",UK,USD,7.29,2.4,13,2,23,1.5,48,1.2,73,1,
"Aprons and towels","Beach Towels, Cotton Towels, Bath Mats","EFTA States",USD,11.39,2.2,13,2,23,1.7,48,1.3,73,1.1,
"Aprons and towels","Beach Towels, Cotton Towels, Bath Mats",Canada,USD,9.79,2.35,13,1.9,23,1.7,48,1.5,73,1.2,
"Aprons and towels","Beach Towels, Cotton Towels, Bath Mats","Australia / New Zealand",USD,12.49,2.25,,,,,,,,,
"Aprons and towels","Beach Towels, Cotton Towels, Bath Mats",Japan,USD,7.89,2.6,,,,,,,,,
"Aprons and towels","Beach Towels, Cotton Towels, Bath Mats",Brazil,USD,17.69,8,13,4.25,23,3.5,48,2.75,73,2,
"Aprons and towels","Beach Towels, Cotton Towels, Bath Mats",Worldwide,USD,17.69,8,13,4.25,23,3.5,48,2.75,73,2,
"Aprons and towels","All-Over Print Apron",USA,USD,5.69,2.5,,,,,,,,,
"Aprons and towels","All-Over Print Apron",Europe,USD,9.29,3,,,,,,,,,
"Aprons and towels","All-Over Print Apron",UK,USD,7.79,2.5,,,,,,,,,
"Aprons and towels","All-Over Print Apron","EFTA States",USD,15.09,3,,,,,,,,,
"Aprons and towels","All-Over Print Apron",Canada,USD,12.49,3,,,,,,,,,
"Aprons and towels","All-Over Print Apron","Australia / New Zealand",USD,13.99,5.5,,,,,,,,,
"Aprons and towels","All-Over Print Apron",Japan,USD,14.49,6,,,,,,,,,
"Aprons and towels","All-Over Print Apron",Brazil,USD,13.99,5.5,,,,,,,,,
"Aprons and towels","All-Over Print Apron",Worldwide,USD,13.99,5.5,,,,,,,,,
"Aprons and towels","Golf towel",USA,USD,5.69,2.5,,,,,,,,,
"Aprons and towels","Golf towel",Europe,USD,9.29,3,,,,,,,,,
"Aprons and towels","Golf towel",UK,USD,7.79,2.5,,,,,,,,,
"Aprons and towels","Golf towel","EFTA States",USD,15.09,3,,,,,,,,,
"Aprons and towels","Golf towel",Canada,USD,12.49,3,,,,,,,,,
"Aprons and towels","Golf towel","Australia / New Zealand",USD,13.99,5.5,,,,,,,,,
"Aprons and towels","Golf towel",Japan,USD,14.49,6,,,,,,,,,
"Aprons and towels","Golf towel",Brazil,USD,13.99,5.5,,,,,,,,,
"Aprons and towels","Golf towel",Worldwide,USD,13.99,5.5,,,,,,,,,
Mugs,"White mugs, Black Mugs (11oz)",USA,USD,6.69,3.5,4,2,13,1.5,23,1,48,1,
Mugs,"White mugs, Black Mugs (11oz)",Europe,USD,5.39,2.05,4,1.5,13,1.25,23,1,48,1.05,
Mugs,"White mugs, Black Mugs (11oz)",UK,USD,5.19,1.25,4,1,13,1,23,1,48,1,
Mugs,"White mugs, Black Mugs (11oz)","EFTA States",USD,10.79,1.75,4,1.5,13,1.25,23,1,48,1,
Mugs,"White mugs, Black Mugs (11oz)",Canada,USD,8.09,4.7,4,4.5,13,3.75,23,3,48,3.35,
Mugs,"White mugs, Black Mugs (11oz)","Australia / New Zealand",USD,8.69,3.65,4,1.5,13,1.25,23,1,48,1.05,
Mugs,"White mugs, Black Mugs (11oz)",Japan,USD,4.99,1.6,4,1.5,13,1.25,23,1,48,1,
Mugs,"White mugs, Black Mugs (11oz)",Brazil,USD,12.49,6.5,4,4.5,13,3.5,23,2.5,48,2.05,
Mugs,"White mugs, Black Mugs (11oz)",Worldwide,USD,12.49,6.5,4,4.5,13,3.5,23,2.5,48,2.05,
Mugs,"White mugs, Black Mugs (15oz)",USA,USD,7.29,4,4,2,13,1.5,23,1,48,1,
Mugs,"White mugs, Black Mugs (15oz)",Europe,USD,6.09,2.05,4,1.5,13,1.25,23,1,48,1.05,
Mugs,"White mugs, Black Mugs (15oz)",UK,USD,6.09,1.75,4,1.5,13,1.25,23,1,48,1.05,
Mugs,"White mugs, Black Mugs (15oz)","EFTA States",USD,11.49,1.65,4,1.5,13,1.25,23,1,48,1,
Mugs,"White mugs, Black Mugs (15oz)",Canada,USD,8.69,5.15,4,4.5,13,3.75,23,3,48,3.35,
Mugs,"White mugs, Black Mugs (15oz)","Australia / New Zealand",USD,9.59,4.1,4,1.5,13,1.25,23,1,48,1.05,
Mugs,"White mugs, Black Mugs (15oz)",Japan,USD,6.49,2.05,,,,,,,,,
Mugs,"White mugs, Black Mugs (15oz)",Brazil,USD,13.59,7,4,4.5,13,3.5,23,2.5,48,2.05,
Mugs,"White mugs, Black Mugs (15oz)",Worldwide,USD,13.59,7,4,4.5,13,3.5,23,2.5,48,2.05,
Mugs,"White mugs (20oz)",USA,USD,8.79,2.5,,,,,,,,,
Mugs,"White mugs (20oz)",Europe,USD,6.49,2.5,,,,,,,,,
Mugs,"White mugs (20oz)",UK,USD,7.59,3.95,,,,,,,,,
Mugs,"White mugs (20oz)","EFTA States",USD,7.59,2.5,,,,,,,,,
Mugs,"White mugs (20oz)",Canada,USD,11.89,3.5,,,,,,,,,
Mugs,"White mugs (20oz)","Australia / New Zealand",USD,16.09,11,,,,,,,,,
Mugs,"White mugs (20oz)",Japan,USD,13.99,13,,,,,,,,,
Mugs,"White mugs (20oz)",Brazil,USD,19.39,7.65,,,,,,,,,
Mugs,"White mugs (20oz)",Worldwide,USD,19.39,7.65,,,,,,,,,
Mugs,"Enamel mugs",USA,USD,4.69,2,8,1.15,23,1,48,0.75,83,0.5,
Mugs,"Enamel mugs",Europe,USD,4.99,1.45,,,,,,,,,
Mugs,"Enamel mugs",UK,USD,4.59,1.5,8,1,23,0.75,48,0.5,83,0.35,
Mugs,"Enamel mugs","EFTA States",USD,10.39,1.1,8,1,23,0.8,48,0.6,83,0.4,
Mugs,"Enamel mugs",Canada,USD,7.29,1.95,8,1.4,23,1.2,48,1,83,0.8,
Mugs,"Enamel mugs","Australia / New Zealand",USD,7.99,1.4,,,,,,,,,
Mugs,"Enamel mugs",Japan,USD,4.89,2,,,,,,,,,
Mugs,"Enamel mugs",Brazil,USD,12.49,6,8,2.5,23,2,48,1.5,83,1,
Mugs,"Enamel mugs",Worldwide,USD,12.49,6,8,2.5,23,2,48,1.5,83,1,
Mugs,Coasters,USA,USD,4.09,0.75,4,0.6,13,0.5,23,0.4,48,0.3,
Mugs,Coasters,Europe,USD,4.29,1.15,4,0.6,13,0.5,23,0.4,48,0.3,
Mugs,Coasters,UK,USD,4.29,0.9,4,0.6,13,0.5,23,0.4,48,0.3,
Mugs,Coasters,"EFTA States",USD,9.89,0.8,4,0.6,13,0.5,23,0.4,48,0.3,
Mugs,Coasters,Canada,USD,6.89,1.1,4,0.9,13,0.7,23,0.5,48,0.3,
Mugs,Coasters,"Australia / New Zealand",USD,8.39,1.5,4,0.8,13,0.6,23,0.5,48,0.4,
Mugs,Coasters,Japan,USD,5.19,1,4,0.8,13,0.6,23,0.5,48,0.4,
Mugs,Coasters,Brazil,USD,7.29,3,4,0.8,13,0.6,23,0.5,48,0.4,
Mugs,Coasters,Worldwide,USD,7.29,3,4,0.8,13,0.6,23,0.5,48,0.4,
"Cards, stickers, and embroidered patches","Postcards, stickers",USA,USD,4.49,0.05,,,,,,,,,
"Cards, stickers, and embroidered patches","Postcards, stickers",Europe,USD,4.29,0.1,,,,,,,,,
"Cards, stickers, and embroidered patches","Postcards, stickers",UK,USD,4.29,0.1,,,,,,,,,
"Cards, stickers, and embroidered patches","Postcards, stickers","EFTA States",USD,10.39,0.05,,,,,,,,,
"Cards, stickers, and embroidered patches","Postcards, stickers",Canada,USD,5.19,0.1,,,,,,,,,
"Cards, stickers, and embroidered patches","Postcards, stickers","Australia / New Zealand",USD,5.89,0.1,,,,,,,,,
"Cards, stickers, and embroidered patches","Postcards, stickers",Japan,USD,2.99,0.08,,,,,,,,,
"Cards, stickers, and embroidered patches","Postcards, stickers",Brazil,USD,8.29,0.25,,,,,,,,,
"Cards, stickers, and embroidered patches","Postcards, stickers",Worldwide,USD,8.29,0.25,,,,,,,,,
"Cards, stickers, and embroidered patches","Stickers with sizes (in): 15x3.75",USA,USD,4.69,0.15,,,,,,,,,
"Cards, stickers, and embroidered patches","Stickers with sizes (in): 15x3.75",Europe,USD,4.29,0.07,,,,,,,,,
"Cards, stickers, and embroidered patches","Stickers with sizes (in): 15x3.75",UK,USD,4.29,0.07,,,,,,,,,
"Cards, stickers, and embroidered patches","Stickers with sizes (in): 15x3.75","EFTA States",USD,10.39,0.07,,,,,,,,,
"Cards, stickers, and embroidered patches","Stickers with sizes (in): 15x3.75",Canada,USD,7.99,0.1,,,,,,,,,
"Cards, stickers, and embroidered patches","Stickers with sizes (in): 15x3.75","Australia / New Zealand",USD,9.89,0.1,,,,,,,,,
"Cards, stickers, and embroidered patches","Stickers with sizes (in): 15x3.75",Japan,USD,9.29,0.15,,,,,,,,,
"Cards, stickers, and embroidered patches","Stickers with sizes (in): 15x3.75",Brazil,USD,9.49,0.1,,,,,,,,,
"Cards, stickers, and embroidered patches","Stickers with sizes (in): 15x3.75",Worldwide,USD,9.49,0.1,,,,,,,,,
"Cards, stickers, and embroidered patches","Pin Buttons",USA,USD,4.69,0.99,,,,,,,,,
"Cards, stickers, and embroidered patches","Pin Buttons",Europe,USD,8.29,0.99,,,,,,,,,
"Cards, stickers, and embroidered patches","Pin Buttons",UK,USD,10.39,0.99,,,,,,,,,
"Cards, stickers, and embroidered patches","Pin Buttons","EFTA States",USD,7.79,0.99,,,,,,,,,
"Cards, stickers, and embroidered patches","Pin Buttons",Canada,USD,7.79,0.99,,,,,,,,,
"Cards, stickers, and embroidered patches","Pin Buttons","Australia / New Zealand",USD,7.79,2.49,,,,,,,,,
"Cards, stickers, and embroidered patches","Pin Buttons",Japan,USD,6.19,1.49,,,,,,,,,
"Cards, stickers, and embroidered patches","Pin Buttons",Brazil,USD,7.29,2.49,,,,,,,,,
"Cards, stickers, and embroidered patches","Pin Buttons",Worldwide,USD,7.29,2.49,,,,,,,,,
"Posters and Posters with hangers","SmallSizes (in.) 5 × 7, 8 × 10, 10 × 10, 11 × 14, 12 × 12, 12 × 16, 14 × 14, 12 × 18, 16 × 16, 16 x 20, 18 × 18, 18 × 24.
 
Sizes (cm) 21 × 30, 30 × 40, 50 x 70.",USA,USD,4.99,0.4,24,0.25,,,,,,,
"Posters and Posters with hangers","SmallSizes (in.) 5 × 7, 8 × 10, 10 × 10, 11 × 14, 12 × 12, 12 × 16, 14 × 14, 12 × 18, 16 × 16, 16 x 20, 18 × 18, 18 × 24.
 
Sizes (cm) 21 × 30, 30 × 40, 50 x 70.",Europe,USD,5.79,0.3,24,0.25,,,,,,,
"Posters and Posters with hangers","SmallSizes (in.) 5 × 7, 8 × 10, 10 × 10, 11 × 14, 12 × 12, 12 × 16, 14 × 14, 12 × 18, 16 × 16, 16 x 20, 18 × 18, 18 × 24.
 
Sizes (cm) 21 × 30, 30 × 40, 50 x 70.",UK,USD,5.79,0.3,24,0.25,,,,,,,
"Posters and Posters with hangers","SmallSizes (in.) 5 × 7, 8 × 10, 10 × 10, 11 × 14, 12 × 12, 12 × 16, 14 × 14, 12 × 18, 16 × 16, 16 x 20, 18 × 18, 18 × 24.
 
Sizes (cm) 21 × 30, 30 × 40, 50 x 70.","EFTA States",USD,10.49,0.4,,,,,,,,,
"Posters and Posters with hangers","SmallSizes (in.) 5 × 7, 8 × 10, 10 × 10, 11 × 14, 12 × 12, 12 × 16, 14 × 14, 12 × 18, 16 × 16, 16 x 20, 18 × 18, 18 × 24.
 
Sizes (cm) 21 × 30, 30 × 40, 50 x 70.",Canada,USD,5.69,0.3,,,,,,,,,
"Posters and Posters with hangers","SmallSizes (in.) 5 × 7, 8 × 10, 10 × 10, 11 × 14, 12 × 12, 12 × 16, 14 × 14, 12 × 18, 16 × 16, 16 x 20, 18 × 18, 18 × 24.
 
Sizes (cm) 21 × 30, 30 × 40, 50 x 70.","Australia / New Zealand",USD,6.69,0.3,,,,,,,,,
"Posters and Posters with hangers","SmallSizes (in.) 5 × 7, 8 × 10, 10 × 10, 11 × 14, 12 × 12, 12 × 16, 14 × 14, 12 × 18, 16 × 16, 16 x 20, 18 × 18, 18 × 24.
 
Sizes (cm) 21 × 30, 30 × 40, 50 x 70.",Japan,USD,6.49,1.3,,,,,,,,,
"Posters and Posters with hangers","SmallSizes (in.) 5 × 7, 8 × 10, 10 × 10, 11 × 14, 12 × 12, 12 × 16, 14 × 14, 12 × 18, 16 × 16, 16 x 20, 18 × 18, 18 × 24.
 
Sizes (cm) 21 × 30, 30 × 40, 50 x 70.",Brazil,USD,11.99,1,,,,,,,,,
"Posters and Posters with hangers","SmallSizes (in.) 5 × 7, 8 × 10, 10 × 10, 11 × 14, 12 × 12, 12 × 16, 14 × 14, 12 × 18, 16 × 16, 16 x 20, 18 × 18, 18 × 24.
 
Sizes (cm) 21 × 30, 30 × 40, 50 x 70.",Worldwide,USD,11.99,1,,,,,,,,,
"Posters and Posters with hangers","MediumSize (in.) 20 × 30, 24 × 36.
 
Sizes (cm) 61 × 91, 70 × 100.",USA,USD,7.99,0.4,24,0.25,,,,,,,
"Posters and Posters with hangers","MediumSize (in.) 20 × 30, 24 × 36.
 
Sizes (cm) 61 × 91, 70 × 100.",Europe,USD,6.89,0.6,24,0.3,,,,,,,
"Posters and Posters with hangers","MediumSize (in.) 20 × 30, 24 × 36.
 
Sizes (cm) 61 × 91, 70 × 100.",UK,USD,6.39,0.5,24,0.3,,,,,,,
"Posters and Posters with hangers","MediumSize (in.) 20 × 30, 24 × 36.
 
Sizes (cm) 61 × 91, 70 × 100.","EFTA States",USD,10.99,0.4,,,,,,,,,
"Posters and Posters with hangers","MediumSize (in.) 20 × 30, 24 × 36.
 
Sizes (cm) 61 × 91, 70 × 100.",Canada,USD,6.99,0.3,,,,,,,,,
"Posters and Posters with hangers","MediumSize (in.) 20 × 30, 24 × 36.
 
Sizes (cm) 61 × 91, 70 × 100.","Australia / New Zealand",USD,7.19,0.3,,,,,,,,,
"Posters and Posters with hangers","MediumSize (in.) 20 × 30, 24 × 36.
 
Sizes (cm) 61 × 91, 70 × 100.",Japan,USD,7.19,1.45,,,,,,,,,
"Posters and Posters with hangers","MediumSize (in.) 20 × 30, 24 × 36.
 
Sizes (cm) 61 × 91, 70 × 100.",Brazil,USD,13.99,1,,,,,,,,,
"Posters and Posters with hangers","MediumSize (in.) 20 × 30, 24 × 36.
 
Sizes (cm) 61 × 91, 70 × 100.",Worldwide,USD,13.99,1,,,,,,,,,
"Posters and Posters with hangers","Small posters with hangersSizes (in.) 5× 7, 8 × 10, 10 × 10, 11 × 14, 12 × 12, 12 × 16, 14 × 14, 12 × 18, 16 × 16, 16 x 20, 18 × 18, 18 × 24.",USA,USD,5.19,4.99,24,4.99,,4.99,,4.99,,4.99,
"Posters and Posters with hangers","Small posters with hangersSizes (in.) 5× 7, 8 × 10, 10 × 10, 11 × 14, 12 × 12, 12 × 16, 14 × 14, 12 × 18, 16 × 16, 16 x 20, 18 × 18, 18 × 24.",Europe,USD,5.99,5.79,24,5.79,,5.79,,5.79,,5.79,
"Posters and Posters with hangers","Small posters with hangersSizes (in.) 5× 7, 8 × 10, 10 × 10, 11 × 14, 12 × 12, 12 × 16, 14 × 14, 12 × 18, 16 × 16, 16 x 20, 18 × 18, 18 × 24.",UK,USD,5.99,5.79,24,5.79,,5.79,,5.79,,5.79,
"Posters and Posters with hangers","Small posters with hangersSizes (in.) 5× 7, 8 × 10, 10 × 10, 11 × 14, 12 × 12, 12 × 16, 14 × 14, 12 × 18, 16 × 16, 16 x 20, 18 × 18, 18 × 24.","EFTA States",USD,10.89,10.49,,10.49,,10.49,,10.49,,10.49,
"Posters and Posters with hangers","Small posters with hangersSizes (in.) 5× 7, 8 × 10, 10 × 10, 11 × 14, 12 × 12, 12 × 16, 14 × 14, 12 × 18, 16 × 16, 16 x 20, 18 × 18, 18 × 24.",Canada,USD,5.89,5.69,,5.69,,5.69,,5.69,,5.69,
"Posters and Posters with hangers","Small posters with hangersSizes (in.) 5× 7, 8 × 10, 10 × 10, 11 × 14, 12 × 12, 12 × 16, 14 × 14, 12 × 18, 16 × 16, 16 x 20, 18 × 18, 18 × 24.","Australia / New Zealand",USD,6.39,6.19,,6.19,,6.19,,6.19,,6.19,
"Posters and Posters with hangers","Small posters with hangersSizes (in.) 5× 7, 8 × 10, 10 × 10, 11 × 14, 12 × 12, 12 × 16, 14 × 14, 12 × 18, 16 × 16, 16 x 20, 18 × 18, 18 × 24.",Japan,USD,6.69,6.49,,6.49,,6.49,,6.49,,6.49,
"Posters and Posters with hangers","Small posters with hangersSizes (in.) 5× 7, 8 × 10, 10 × 10, 11 × 14, 12 × 12, 12 × 16, 14 × 14, 12 × 18, 16 × 16, 16 x 20, 18 × 18, 18 × 24.",Brazil,USD,12.49,11.99,,11.99,,11.99,,11.99,,11.99,
"Posters and Posters with hangers","Small posters with hangersSizes (in.) 5× 7, 8 × 10, 10 × 10, 11 × 14, 12 × 12, 12 × 16, 14 × 14, 12 × 18, 16 × 16, 16 x 20, 18 × 18, 18 × 24.",Worldwide,USD,12.49,11.99,,11.99,,11.99,,11.99,,11.99,
"Posters and Posters with hangers","Medium posters with hangersSizes (in.) 20 × 30, 24 × 36.",USA,USD,8.39,5.99,24,5.99,,5.99,,5.99,,5.99,
"Posters and Posters with hangers","Medium posters with hangersSizes (in.) 20 × 30, 24 × 36.",Europe,USD,7.19,6.89,24,6.89,,6.89,,6.89,,6.89,
"Posters and Posters with hangers","Medium posters with hangersSizes (in.) 20 × 30, 24 × 36.",UK,USD,6.69,6.39,24,6.39,,6.39,,6.39,,6.39,
"Posters and Posters with hangers","Medium posters with hangersSizes (in.) 20 × 30, 24 × 36.","EFTA States",USD,11.49,10.99,,10.99,,10.99,,10.99,,10.99,
"Posters and Posters with hangers","Medium posters with hangersSizes (in.) 20 × 30, 24 × 36.",Canada,USD,7.29,6.99,,6.99,,6.99,,6.99,,6.99,
"Posters and Posters with hangers","Medium posters with hangersSizes (in.) 20 × 30, 24 × 36.","Australia / New Zealand",USD,7.49,7.19,,7.19,,7.19,,7.19,,7.19,
"Posters and Posters with hangers","Medium posters with hangersSizes (in.) 20 × 30, 24 × 36.",Japan,USD,7.49,7.19,,7.19,,7.19,,7.19,,7.19,
"Posters and Posters with hangers","Medium posters with hangersSizes (in.) 20 × 30, 24 × 36.",Brazil,USD,14.59,13.99,,13.99,,13.99,,13.99,,13.99,
"Posters and Posters with hangers","Medium posters with hangersSizes (in.) 20 × 30, 24 × 36.",Worldwide,USD,14.59,13.99,,13.99,,13.99,,13.99,,13.99,
"Framed posters","Small Sizes (in.) 8 × 10, 10 × 10, 11 × 14, 12 × 12, 12 × 16, 14 × 14, 12 × 18, 16 × 16.
Sizes (cm) 21 × 30, 30 × 40.",USA,USD,10.89,4.5,,,,,,,,,
"Framed posters","Small Sizes (in.) 8 × 10, 10 × 10, 11 × 14, 12 × 12, 12 × 16, 14 × 14, 12 × 18, 16 × 16.
Sizes (cm) 21 × 30, 30 × 40.",Europe,USD,7.79,4.9,,,,,,,,,
"Framed posters","Small Sizes (in.) 8 × 10, 10 × 10, 11 × 14, 12 × 12, 12 × 16, 14 × 14, 12 × 18, 16 × 16.
Sizes (cm) 21 × 30, 30 × 40.",UK,USD,7.29,4.75,,,,,,,,,
"Framed posters","Small Sizes (in.) 8 × 10, 10 × 10, 11 × 14, 12 × 12, 12 × 16, 14 × 14, 12 × 18, 16 × 16.
Sizes (cm) 21 × 30, 30 × 40.","EFTA States",USD,11.39,4.4,,,,,,,,,
"Framed posters","Small Sizes (in.) 8 × 10, 10 × 10, 11 × 14, 12 × 12, 12 × 16, 14 × 14, 12 × 18, 16 × 16.
Sizes (cm) 21 × 30, 30 × 40.",Canada,USD,11.79,6.25,,,,,,,,,
"Framed posters","Small Sizes (in.) 8 × 10, 10 × 10, 11 × 14, 12 × 12, 12 × 16, 14 × 14, 12 × 18, 16 × 16.
Sizes (cm) 21 × 30, 30 × 40.","Australia / New Zealand",USD,9.59,4.1,,,,,,,,,
"Framed posters","Small Sizes (in.) 8 × 10, 10 × 10, 11 × 14, 12 × 12, 12 × 16, 14 × 14, 12 × 18, 16 × 16.
Sizes (cm) 21 × 30, 30 × 40.",Japan,USD,21.59,7.85,,,,,,,,,
"Framed posters","Small Sizes (in.) 8 × 10, 10 × 10, 11 × 14, 12 × 12, 12 × 16, 14 × 14, 12 × 18, 16 × 16.
Sizes (cm) 21 × 30, 30 × 40.",Brazil,USD,16.59,8,,,,,,,,,
"Framed posters","Small Sizes (in.) 8 × 10, 10 × 10, 11 × 14, 12 × 12, 12 × 16, 14 × 14, 12 × 18, 16 × 16.
Sizes (cm) 21 × 30, 30 × 40.",Worldwide,USD,16.59,8,,,,,,,,,
"Framed posters","MediumSizes (in.) 16 × 20, 18 × 18, 18 × 24.",USA,USD,14.49,4.95,,,,,,,,,
"Framed posters","MediumSizes (in.) 16 × 20, 18 × 18, 18 × 24.",Europe,USD,20.99,10.1,,,,,,,,,
"Framed posters","MediumSizes (in.) 16 × 20, 18 × 18, 18 × 24.",UK,USD,20.99,9.9,,,,,,,,,
"Framed posters","MediumSizes (in.) 16 × 20, 18 × 18, 18 × 24.","EFTA States",USD,31.19,9.45,,,,,,,,,
"Framed posters","MediumSizes (in.) 16 × 20, 18 × 18, 18 × 24.",Canada,USD,38.59,20.6,,,,,,,,,
"Framed posters","MediumSizes (in.) 16 × 20, 18 × 18, 18 × 24.","Australia / New Zealand",USD,11.69,5.65,,,,,,,,,
"Framed posters","MediumSizes (in.) 16 × 20, 18 × 18, 18 × 24.",Japan,USD,41.59,21,,,,,,,,,
"Framed posters","MediumSizes (in.) 16 × 20, 18 × 18, 18 × 24.",Brazil,USD,41.59,21,,,,,,,,,
"Framed posters","MediumSizes (in.) 16 × 20, 18 × 18, 18 × 24.",Worldwide,USD,41.59,21,,,,,,,,,
"Framed posters","LargeSize (in.) 24 × 36.Sizes (cm) 50 × 70, 61 × 91.",USA,USD,31.19,14.95,,,,,,,,,
"Framed posters","LargeSize (in.) 24 × 36.Sizes (cm) 50 × 70, 61 × 91.",Europe,USD,25.19,13,,,,,,,,,
"Framed posters","LargeSize (in.) 24 × 36.Sizes (cm) 50 × 70, 61 × 91.",UK,USD,25.19,13,,,,,,,,,
"Framed posters","LargeSize (in.) 24 × 36.Sizes (cm) 50 × 70, 61 × 91.","EFTA States",USD,51.99,24.95,,,,,,,,,
"Framed posters","LargeSize (in.) 24 × 36.Sizes (cm) 50 × 70, 61 × 91.",Canada,USD,53.49,25.75,,,,,,,,,
"Framed posters","LargeSize (in.) 24 × 36.Sizes (cm) 50 × 70, 61 × 91.","Australia / New Zealand",USD,31.89,15.35,,,,,,,,,
"Framed posters","LargeSize (in.) 24 × 36.Sizes (cm) 50 × 70, 61 × 91.",Japan,USD,52.99,26,,,,,,,,,
"Framed posters","LargeSize (in.) 24 × 36.Sizes (cm) 50 × 70, 61 × 91.",Brazil,USD,52.99,26,,,,,,,,,
"Framed posters","LargeSize (in.) 24 × 36.Sizes (cm) 50 × 70, 61 × 91.",Worldwide,USD,52.99,26,,,,,,,,,
Canvas,"SmallSizes (in.) 6x6, 8x8, 8x10, 8x12, 9x12, 10x10",USA,USD,6.79,6.49,,,,,,,,,
Canvas,"SmallSizes (in.) 6x6, 8x8, 8x10, 8x12, 9x12, 10x10",Europe,USD,6.79,6.49,,,,,,,,,
Canvas,"SmallSizes (in.) 6x6, 8x8, 8x10, 8x12, 9x12, 10x10",UK,USD,6.79,6.49,,,,,,,,,
Canvas,"SmallSizes (in.) 6x6, 8x8, 8x10, 8x12, 9x12, 10x10","EFTA States",USD,6.79,6.49,,,,,,,,,
Canvas,"SmallSizes (in.) 6x6, 8x8, 8x10, 8x12, 9x12, 10x10",Canada,USD,11.49,10.99,,,,,,,,,
Canvas,"SmallSizes (in.) 6x6, 8x8, 8x10, 8x12, 9x12, 10x10","Australia / New Zealand",USD,12.49,11.99,,,,,,,,,
Canvas,"SmallSizes (in.) 6x6, 8x8, 8x10, 8x12, 9x12, 10x10",Japan,USD,110.29,105.99,,,,,,,,,
Canvas,"SmallSizes (in.) 6x6, 8x8, 8x10, 8x12, 9x12, 10x10",Brazil,USD,110.29,105.99,,,,,,,,,
Canvas,"SmallSizes (in.) 6x6, 8x8, 8x10, 8x12, 9x12, 10x10",Worldwide,USD,110.29,105.99,,,,,,,,,
Canvas,"MediumSize (in.) 10x20, 11x14, 12x12, 12x16, 12x18, 14x14, 12x24, 12x36, 16x16, 16x20, 16x24, 16x32, 16x48, 18x18, 18x24, 18x26, 20x20, 20x24, 20x28, 20x30, 20x40, 24x24, 24x30, 24x32, 24x36, 26x26, 28x28, 30x30, 32x32",USA,USD,10.39,9.99,,,,,,,,,
Canvas,"MediumSize (in.) 10x20, 11x14, 12x12, 12x16, 12x18, 14x14, 12x24, 12x36, 16x16, 16x20, 16x24, 16x32, 16x48, 18x18, 18x24, 18x26, 20x20, 20x24, 20x28, 20x30, 20x40, 24x24, 24x30, 24x32, 24x36, 26x26, 28x28, 30x30, 32x32",Europe,USD,11.39,10.99,,,,,,,,,
Canvas,"MediumSize (in.) 10x20, 11x14, 12x12, 12x16, 12x18, 14x14, 12x24, 12x36, 16x16, 16x20, 16x24, 16x32, 16x48, 18x18, 18x24, 18x26, 20x20, 20x24, 20x28, 20x30, 20x40, 24x24, 24x30, 24x32, 24x36, 26x26, 28x28, 30x30, 32x32",UK,USD,11.39,10.99,,,,,,,,,
Canvas,"MediumSize (in.) 10x20, 11x14, 12x12, 12x16, 12x18, 14x14, 12x24, 12x36, 16x16, 16x20, 16x24, 16x32, 16x48, 18x18, 18x24, 18x26, 20x20, 20x24, 20x28, 20x30, 20x40, 24x24, 24x30, 24x32, 24x36, 26x26, 28x28, 30x30, 32x32","EFTA States",USD,11.39,10.99,,,,,,,,,
Canvas,"MediumSize (in.) 10x20, 11x14, 12x12, 12x16, 12x18, 14x14, 12x24, 12x36, 16x16, 16x20, 16x24, 16x32, 16x48, 18x18, 18x24, 18x26, 20x20, 20x24, 20x28, 20x30, 20x40, 24x24, 24x30, 24x32, 24x36, 26x26, 28x28, 30x30, 32x32",Canada,USD,17.69,16.99,,,,,,,,,
Canvas,"MediumSize (in.) 10x20, 11x14, 12x12, 12x16, 12x18, 14x14, 12x24, 12x36, 16x16, 16x20, 16x24, 16x32, 16x48, 18x18, 18x24, 18x26, 20x20, 20x24, 20x28, 20x30, 20x40, 24x24, 24x30, 24x32, 24x36, 26x26, 28x28, 30x30, 32x32","Australia / New Zealand",USD,18.69,17.99,,,,,,,,,
Canvas,"MediumSize (in.) 10x20, 11x14, 12x12, 12x16, 12x18, 14x14, 12x24, 12x36, 16x16, 16x20, 16x24, 16x32, 16x48, 18x18, 18x24, 18x26, 20x20, 20x24, 20x28, 20x30, 20x40, 24x24, 24x30, 24x32, 24x36, 26x26, 28x28, 30x30, 32x32",Japan,USD,116.49,111.99,,,,,,,,,
Canvas,"MediumSize (in.) 10x20, 11x14, 12x12, 12x16, 12x18, 14x14, 12x24, 12x36, 16x16, 16x20, 16x24, 16x32, 16x48, 18x18, 18x24, 18x26, 20x20, 20x24, 20x28, 20x30, 20x40, 24x24, 24x30, 24x32, 24x36, 26x26, 28x28, 30x30, 32x32",Brazil,USD,116.49,111.99,,,,,,,,,
Canvas,"MediumSize (in.) 10x20, 11x14, 12x12, 12x16, 12x18, 14x14, 12x24, 12x36, 16x16, 16x20, 16x24, 16x32, 16x48, 18x18, 18x24, 18x26, 20x20, 20x24, 20x28, 20x30, 20x40, 24x24, 24x30, 24x32, 24x36, 26x26, 28x28, 30x30, 32x32",Worldwide,USD,116.49,111.99,,,,,,,,,
Canvas,"LargeSize (in.) 24 × 48, 26x40, 28x40, 30x40, 32x48, 36x36, 37x37",USA,USD,26.99,24.99,,,,,,,,,
Canvas,"LargeSize (in.) 24 × 48, 26x40, 28x40, 30x40, 32x48, 36x36, 37x37",Europe,USD,57.19,54.99,,,,,,,,,
Canvas,"LargeSize (in.) 24 × 48, 26x40, 28x40, 30x40, 32x48, 36x36, 37x37",UK,USD,25.99,24.99,,,,,,,,,
Canvas,"LargeSize (in.) 24 × 48, 26x40, 28x40, 30x40, 32x48, 36x36, 37x37","EFTA States",USD,57.19,54.99,,,,,,,,,
Canvas,"LargeSize (in.) 24 × 48, 26x40, 28x40, 30x40, 32x48, 36x36, 37x37",Canada,USD,62.39,59.99,,,,,,,,,
Canvas,"LargeSize (in.) 24 × 48, 26x40, 28x40, 30x40, 32x48, 36x36, 37x37","Australia / New Zealand",USD,63.39,60.99,,,,,,,,,
Canvas,"LargeSize (in.) 24 × 48, 26x40, 28x40, 30x40, 32x48, 36x36, 37x37",Japan,USD,233.99,224.99,,,,,,,,,
Canvas,"LargeSize (in.) 24 × 48, 26x40, 28x40, 30x40, 32x48, 36x36, 37x37",Brazil,USD,233.99,224.99,,,,,,,,,
Canvas,"LargeSize (in.) 24 × 48, 26x40, 28x40, 30x40, 32x48, 36x36, 37x37",Worldwide,USD,233.99,224.99,,,,,,,,,
Canvas,"Extra LargeSize (in.) 20x60, 30x60, 40x55, 40x60",USA,USD,90.49,86.99,,,,,,,,,
Canvas,"Extra LargeSize (in.) 20x60, 30x60, 40x55, 40x60",Europe,USD,167.39,160.99,,,,,,,,,
Canvas,"Extra LargeSize (in.) 20x60, 30x60, 40x55, 40x60",UK,USD,167.39,160.99,,,,,,,,,
Canvas,"Extra LargeSize (in.) 20x60, 30x60, 40x55, 40x60","EFTA States",USD,245.39,235.99,,,,,,,,,
Canvas,"Extra LargeSize (in.) 20x60, 30x60, 40x55, 40x60",Canada,USD,172.59,165.99,,,,,,,,,
Canvas,"Extra LargeSize (in.) 20x60, 30x60, 40x55, 40x60","Australia / New Zealand",USD,173.69,166.99,,,,,,,,,
Canvas,"Extra LargeSize (in.) 20x60, 30x60, 40x55, 40x60",Japan,USD,817.39,785.99,,,,,,,,,
Canvas,"Extra LargeSize (in.) 20x60, 30x60, 40x55, 40x60",Brazil,USD,817.39,785.99,,,,,,,,,
Canvas,"Extra LargeSize (in.) 20x60, 30x60, 40x55, 40x60",Worldwide,USD,817.39,785.99,,,,,,,,,
Canvas,"Thin Canvas (in) 8″×10″, 9″×12″, 11″×14″, 12″×18″, 16″×16″, 16″×20″  Framed Canvas (in) 8″×10″, 9″×12″, 11″×14″, 12″×18″, 16″×16″, 16″×20″",USA,USD,9.89,9.49,,,,,,,,,
Canvas,"Thin Canvas (in) 8″×10″, 9″×12″, 11″×14″, 12″×18″, 16″×16″, 16″×20″  Framed Canvas (in) 8″×10″, 9″×12″, 11″×14″, 12″×18″, 16″×16″, 16″×20″",Europe,USD,9.89,9.49,,,,,,,,,
Canvas,"Thin Canvas (in) 8″×10″, 9″×12″, 11″×14″, 12″×18″, 16″×16″, 16″×20″  Framed Canvas (in) 8″×10″, 9″×12″, 11″×14″, 12″×18″, 16″×16″, 16″×20″",UK,USD,9.89,9.49,,,,,,,,,
Canvas,"Thin Canvas (in) 8″×10″, 9″×12″, 11″×14″, 12″×18″, 16″×16″, 16″×20″  Framed Canvas (in) 8″×10″, 9″×12″, 11″×14″, 12″×18″, 16″×16″, 16″×20″","EFTA States",USD,9.89,9.49,,,,,,,,,
Canvas,"Thin Canvas (in) 8″×10″, 9″×12″, 11″×14″, 12″×18″, 16″×16″, 16″×20″  Framed Canvas (in) 8″×10″, 9″×12″, 11″×14″, 12″×18″, 16″×16″, 16″×20″",Canada,USD,15.09,14.49,,,,,,,,,
Canvas,"Thin Canvas (in) 8″×10″, 9″×12″, 11″×14″, 12″×18″, 16″×16″, 16″×20″  Framed Canvas (in) 8″×10″, 9″×12″, 11″×14″, 12″×18″, 16″×16″, 16″×20″","Australia / New Zealand",USD,15.09,14.49,,,,,,,,,
Canvas,"Thin Canvas (in) 8″×10″, 9″×12″, 11″×14″, 12″×18″, 16″×16″, 16″×20″  Framed Canvas (in) 8″×10″, 9″×12″, 11″×14″, 12″×18″, 16″×16″, 16″×20″",Japan,USD,110.69,106.49,,,,,,,,,
Canvas,"Thin Canvas (in) 8″×10″, 9″×12″, 11″×14″, 12″×18″, 16″×16″, 16″×20″  Framed Canvas (in) 8″×10″, 9″×12″, 11″×14″, 12″×18″, 16″×16″, 16″×20″",Brazil,USD,110.69,106.49,,,,,,,,,
Canvas,"Thin Canvas (in) 8″×10″, 9″×12″, 11″×14″, 12″×18″, 16″×16″, 16″×20″  Framed Canvas (in) 8″×10″, 9″×12″, 11″×14″, 12″×18″, 16″×16″, 16″×20″",Worldwide,USD,110.69,106.49,,,,,,,,,
Canvas,"Thin Canvas (in) 20″×28″, 20″×30″, 24″×32″, 20″×28″, 20″×30″, 24″×32″",USA,USD,10.89,10.49,,,,,,,,,
Canvas,"Thin Canvas (in) 20″×28″, 20″×30″, 24″×32″, 20″×28″, 20″×30″, 24″×32″",Europe,USD,10.89,10.49,,,,,,,,,
Canvas,"Thin Canvas (in) 20″×28″, 20″×30″, 24″×32″, 20″×28″, 20″×30″, 24″×32″",UK,USD,10.89,10.49,,,,,,,,,
Canvas,"Thin Canvas (in) 20″×28″, 20″×30″, 24″×32″, 20″×28″, 20″×30″, 24″×32″","EFTA States",USD,10.89,10.49,,,,,,,,,
Canvas,"Thin Canvas (in) 20″×28″, 20″×30″, 24″×32″, 20″×28″, 20″×30″, 24″×32″",Canada,USD,16.09,15.49,,,,,,,,,
Canvas,"Thin Canvas (in) 20″×28″, 20″×30″, 24″×32″, 20″×28″, 20″×30″, 24″×32″","Australia / New Zealand",USD,16.09,15.49,,,,,,,,,
Canvas,"Thin Canvas (in) 20″×28″, 20″×30″, 24″×32″, 20″×28″, 20″×30″, 24″×32″",Japan,USD,112.79,108.49,,,,,,,,,
Canvas,"Thin Canvas (in) 20″×28″, 20″×30″, 24″×32″, 20″×28″, 20″×30″, 24″×32″",Brazil,USD,112.79,108.49,,,,,,,,,
Canvas,"Thin Canvas (in) 20″×28″, 20″×30″, 24″×32″, 20″×28″, 20″×30″, 24″×32″",Worldwide,USD,112.79,108.49,,,,,,,,,
Canvas,"Large Thin Canvas (in), Framed Canvas (in) 24 × 36.",USA,USD,15.09,14.49,,,,,,,,,
Canvas,"Large Thin Canvas (in), Framed Canvas (in) 24 × 36.",Europe,USD,15.09,14.49,,,,,,,,,
Canvas,"Large Thin Canvas (in), Framed Canvas (in) 24 × 36.",UK,USD,15.09,14.49,,,,,,,,,
Canvas,"Large Thin Canvas (in), Framed Canvas (in) 24 × 36.","EFTA States",USD,15.09,14.49,,,,,,,,,
Canvas,"Large Thin Canvas (in), Framed Canvas (in) 24 × 36.",Canada,USD,20.29,19.49,,,,,,,,,
Canvas,"Large Thin Canvas (in), Framed Canvas (in) 24 × 36.","Australia / New Zealand",USD,20.29,19.49,,,,,,,,,
Canvas,"Large Thin Canvas (in), Framed Canvas (in) 24 × 36.",Japan,USD,113.89,109.49,,,,,,,,,
Canvas,"Large Thin Canvas (in), Framed Canvas (in) 24 × 36.",Brazil,USD,113.89,109.49,,,,,,,,,
Canvas,"Large Thin Canvas (in), Framed Canvas (in) 24 × 36.",Worldwide,USD,113.89,109.49,,,,,,,,,
"Metal prints","SmallSizes (in.) 8 × 10, 12 × 12, 11 × 14.",USA,USD,12.99,4.5,,,,,,,,,
"Metal prints","MediumSizes (in.) 16 × 20.",USA,USD,14.49,4.95,,,,,,,,,
"Metal prints","LargeSize (in.) 20 × 30, 24 × 36.",USA,USD,31.19,14.95,,,,,,,,,
"Metal prints","Car plates, Metal License Plate Frame",USA,USD,7.59,1.19,,,,,,,,,
"Metal prints","Car plates, Metal License Plate Frame",Europe,USD,12.79,4.29,,,,,,,,,
"Metal prints","Car plates, Metal License Plate Frame",UK,USD,12.79,4.29,,,,,,,,,
"Metal prints","Car plates, Metal License Plate Frame","EFTA States",USD,12.79,4.29,,,,,,,,,
"Metal prints","Car plates, Metal License Plate Frame",Canada,USD,11.79,2.79,,,,,,,,,
"Metal prints","Car plates, Metal License Plate Frame","Australia / New Zealand",USD,12.79,4.29,,,,,,,,,
"Metal prints","Car plates, Metal License Plate Frame",Japan,USD,12.79,4.29,,,,,,,,,
"Metal prints","Car plates, Metal License Plate Frame",Brazil,USD,12.79,4.29,,,,,,,,,
"Metal prints","Car plates, Metal License Plate Frame",Worldwide,USD,12.79,4.29,,,,,,,,,
"Beverage containers","Water bottles and tumblers",USA,USD,10.89,4.5,,,,,,,,,
"Beverage containers","Water bottles and tumblers",Europe,USD,7.79,4.9,,,,,,,,,
"Beverage containers","Water bottles and tumblers",UK,USD,7.29,4.75,,,,,,,,,
"Beverage containers","Water bottles and tumblers","EFTA States",USD,11.39,4.4,,,,,,,,,
"Beverage containers","Water bottles and tumblers",Canada,USD,11.79,6.25,,,,,,,,,
"Beverage containers","Water bottles and tumblers","Australia / New Zealand",USD,9.59,4.1,,,,,,,,,
"Beverage containers","Water bottles and tumblers",Japan,USD,21.59,7.85,,,,,,,,,
"Beverage containers","Water bottles and tumblers",Brazil,USD,16.59,8,,,,,,,,,
"Beverage containers","Water bottles and tumblers",Worldwide,USD,16.59,8,,,,,,,,,
"Beverage containers","Sports Water Bottle, Flip Straw Water Bottle | CamelBak Thrive®",USA,USD,9.29,2.75,,,,,,,,,
"Beverage containers","Sports Water Bottle, Flip Straw Water Bottle | CamelBak Thrive®",Europe,USD,12.49,5.25,,,,,,,,,
"Beverage containers","Sports Water Bottle, Flip Straw Water Bottle | CamelBak Thrive®",UK,USD,16.59,7.95,,,,,,,,,
"Beverage containers","Sports Water Bottle, Flip Straw Water Bottle | CamelBak Thrive®","EFTA States",USD,12.49,5.25,,,,,,,,,
"Beverage containers","Sports Water Bottle, Flip Straw Water Bottle | CamelBak Thrive®",Canada,USD,13.49,6.75,,,,,,,,,
"Beverage containers","Sports Water Bottle, Flip Straw Water Bottle | CamelBak Thrive®","Australia / New Zealand",USD,23.39,16.06,,,,,,,,,
"Beverage containers","Sports Water Bottle, Flip Straw Water Bottle | CamelBak Thrive®",Japan,USD,18.69,13.55,,,,,,,,,
"Beverage containers","Sports Water Bottle, Flip Straw Water Bottle | CamelBak Thrive®",Brazil,USD,23.39,16.06,,,,,,,,,
"Beverage containers","Sports Water Bottle, Flip Straw Water Bottle | CamelBak Thrive®",Worldwide,USD,23.39,16.06,,,,,,,,,
"Beverage containers","Wine Tumbler, Double Wall Clear Plastic Tumbler (16 oz)",USA,USD,6.69,3.5,4,2,13,1.5,23,1,48,1,
"Beverage containers","Wine Tumbler, Double Wall Clear Plastic Tumbler (16 oz)",Europe,USD,5.39,2.05,4,1.5,13,1.25,23,1,48,1.05,
"Beverage containers","Wine Tumbler, Double Wall Clear Plastic Tumbler (16 oz)",UK,USD,5.19,1.25,4,1,13,1,23,1,48,1,
"Beverage containers","Wine Tumbler, Double Wall Clear Plastic Tumbler (16 oz)","EFTA States",USD,10.79,1.75,4,1.5,13,1.25,23,1,48,1,
"Beverage containers","Wine Tumbler, Double Wall Clear Plastic Tumbler (16 oz)",Canada,USD,8.09,4.7,4,4.5,13,3.75,23,3,48,3.35,
"Beverage containers","Wine Tumbler, Double Wall Clear Plastic Tumbler (16 oz)","Australia / New Zealand",USD,8.69,3.65,4,1.5,13,1.25,23,1,48,1.05,
"Beverage containers","Wine Tumbler, Double Wall Clear Plastic Tumbler (16 oz)",Japan,USD,4.99,1.6,4,1.5,13,1.25,23,1,48,1,
"Beverage containers","Wine Tumbler, Double Wall Clear Plastic Tumbler (16 oz)",Brazil,USD,12.49,6.5,4,4.5,13,3.5,23,2.5,48,2.05,
"Beverage containers","Wine Tumbler, Double Wall Clear Plastic Tumbler (16 oz)",Worldwide,USD,12.49,6.5,4,4.5,13,3.5,23,2.5,48,2.05,
"Beverage containers","Travel Mug with a Handle, Stainless Steel Water Bottle with a Straw Lid",USA,USD,9.89,0.99,,,,,,,,,
"Beverage containers","Travel Mug with a Handle, Stainless Steel Water Bottle with a Straw Lid",Europe,USD,5.69,1.99,,,,,,,,,
"Beverage containers","Travel Mug with a Handle, Stainless Steel Water Bottle with a Straw Lid",UK,USD,6.19,2.49,,,,,,,,,
"Beverage containers","Travel Mug with a Handle, Stainless Steel Water Bottle with a Straw Lid","EFTA States",USD,7.29,1.99,,,,,,,,,
"Beverage containers","Travel Mug with a Handle, Stainless Steel Water Bottle with a Straw Lid",Canada,USD,10.89,9.99,,,,,,,,,
"Beverage containers","Travel Mug with a Handle, Stainless Steel Water Bottle with a Straw Lid","Australia / New Zealand",USD,18.19,14.49,,,,,,,,,
"Beverage containers","Travel Mug with a Handle, Stainless Steel Water Bottle with a Straw Lid",Japan,USD,12.99,9.5,,,,,,,,,
"Beverage containers","Travel Mug with a Handle, Stainless Steel Water Bottle with a Straw Lid",Brazil,USD,17.09,14.49,,,,,,,,,
"Beverage containers","Travel Mug with a Handle, Stainless Steel Water Bottle with a Straw Lid",Worldwide,USD,17.09,14.49,,,,,,,,,
"Beverage containers","Insulated Tumbler with a Straw, Tapered Stainless Steel Tumbler 20 oz",USA,USD,6.69,2,,,,,,,,,
"Beverage containers","Insulated Tumbler with a Straw, Tapered Stainless Steel Tumbler 20 oz",Europe,USD,11.89,3.5,,,,,,,,,
"Beverage containers","Insulated Tumbler with a Straw, Tapered Stainless Steel Tumbler 20 oz",UK,USD,13.49,4.8,,,,,,,,,
"Beverage containers","Insulated Tumbler with a Straw, Tapered Stainless Steel Tumbler 20 oz","EFTA States",USD,13.99,3.5,,,,,,,,,
"Beverage containers","Insulated Tumbler with a Straw, Tapered Stainless Steel Tumbler 20 oz",Canada,USD,11.39,3.95,,,,,,,,,
"Beverage containers","Insulated Tumbler with a Straw, Tapered Stainless Steel Tumbler 20 oz","Australia / New Zealand",USD,17.09,9.95,,,,,,,,,
"Beverage containers","Insulated Tumbler with a Straw, Tapered Stainless Steel Tumbler 20 oz",Japan,USD,13.49,8.5,,,,,,,,,
"Beverage containers","Insulated Tumbler with a Straw, Tapered Stainless Steel Tumbler 20 oz",Brazil,USD,17.09,9.95,,,,,,,,,
"Beverage containers","Insulated Tumbler with a Straw, Tapered Stainless Steel Tumbler 20 oz",Worldwide,USD,17.09,9.95,,,,,,,,,
"Beverage containers","Can Cooler",USA,USD,4.69,0.99,,,,,,,,,
"Beverage containers","Can Cooler",Europe,USD,8.29,0.99,,,,,,,,,
"Beverage containers","Can Cooler",UK,USD,11.39,0.99,,,,,,,,,
"Beverage containers","Can Cooler","EFTA States",USD,8.29,0.99,,,,,,,,,
"Beverage containers","Can Cooler",Canada,USD,8.29,0.99,,,,,,,,,
"Beverage containers","Can Cooler","Australia / New Zealand",USD,10.39,2.49,,,,,,,,,
"Beverage containers","Can Cooler",Japan,USD,7.29,1.49,,,,,,,,,
"Beverage containers","Can Cooler",Brazil,USD,10.39,2.49,,,,,,,,,
"Beverage containers","Can Cooler",Worldwide,USD,10.39,2.49,,,,,,,,,
Stationery,Notebooks,USA,USD,4.69,2,8,1.15,23,1,48,0.75,83,0.5,
Stationery,Notebooks,Europe,USD,4.99,1.45,,,,,,,,,
Stationery,Notebooks,UK,USD,4.59,1.5,8,1,23,0.75,48,0.5,83,0.35,
Stationery,Notebooks,"EFTA States",USD,10.39,1.1,8,1,23,0.8,48,0.6,83,0.4,
Stationery,Notebooks,Canada,USD,7.29,1.95,8,1.4,23,1.2,48,1,83,0.8,
Stationery,Notebooks,"Australia / New Zealand",USD,7.99,1.4,,,,,,,,,
Stationery,Notebooks,Japan,USD,4.89,2,,,,,,,,,
Stationery,Notebooks,Brazil,USD,12.49,6,8,2.5,23,2,48,1.5,83,1,
Stationery,Notebooks,Worldwide,USD,12.49,6,8,2.5,23,2,48,1.5,83,1,
Stationery,"Hardcover Bound Notebook | JournalBook®, Hardcover Journal Matte",USA,USD,5.69,3.25,,,,,,,,,
Stationery,"Hardcover Bound Notebook | JournalBook®, Hardcover Journal Matte",Europe,USD,10.39,3.5,,,,,,,,,
Stationery,"Hardcover Bound Notebook | JournalBook®, Hardcover Journal Matte",UK,USD,12.49,3.95,,,,,,,,,
Stationery,"Hardcover Bound Notebook | JournalBook®, Hardcover Journal Matte","EFTA States",USD,12.49,3.99,,,,,,,,,
Stationery,"Hardcover Bound Notebook | JournalBook®, Hardcover Journal Matte",Canada,USD,10.39,3.49,,,,,,,,,
Stationery,"Hardcover Bound Notebook | JournalBook®, Hardcover Journal Matte","Australia / New Zealand",USD,15.09,7.99,,,,,,,,,
Stationery,"Hardcover Bound Notebook | JournalBook®, Hardcover Journal Matte",Japan,USD,11.39,6.99,,,,,,,,,
Stationery,"Hardcover Bound Notebook | JournalBook®, Hardcover Journal Matte",Brazil,USD,15.59,6.99,,,,,,,,,
Stationery,"Hardcover Bound Notebook | JournalBook®, Hardcover Journal Matte",Worldwide,USD,15.59,6.99,,,,,,,,,
Stationery,"Wall Calendar (2024)",USA,USD,8.79,3,,,,,,,,,
Stationery,"Wall Calendar (2024)",Europe,USD,16.09,3,,,,,,,,,
Stationery,"Wall Calendar (2024)",UK,USD,20.79,12.5,,,,,,,,,
Stationery,"Wall Calendar (2024)","EFTA States",USD,31.19,15.5,,,,,,,,,
Stationery,"Wall Calendar (2024)",Canada,USD,19.69,9.5,,,,,,,,,
Stationery,"Wall Calendar (2024)","Australia / New Zealand",USD,29.09,20.5,,,,,,,,,
Stationery,"Wall Calendar (2024)",Japan,USD,24.89,19.5,,,,,,,,,
Stationery,"Wall Calendar (2024)",Brazil,USD,35.29,20.5,,,,,,,,,
Stationery,"Wall Calendar (2024)",Worldwide,USD,35.29,20.5,,,,,,,,,
Stationery,"Wrapping Paper Sheets (3)",USA,USD,12.49,0.8,,,,,,,,,
Stationery,"Wrapping Paper Sheets (3)",Europe,USD,16.09,0.8,,,,,,,,,
Stationery,"Wrapping Paper Sheets (3)",UK,USD,16.09,0.8,,,,,,,,,
Stationery,"Wrapping Paper Sheets (3)","EFTA States",USD,25.49,1,,,,,,,,,
Stationery,"Wrapping Paper Sheets (3)",Canada,USD,13.99,1,,,,,,,,,
Stationery,"Wrapping Paper Sheets (3)","Australia / New Zealand",USD,20.79,1,,,,,,,,,
Stationery,"Wrapping Paper Sheets (3)",Japan,USD,18.19,1,,,,,,,,,
Stationery,"Wrapping Paper Sheets (3)",Brazil,USD,25.49,1,,,,,,,,,
Stationery,"Wrapping Paper Sheets (3)",Worldwide,USD,25.49,1,,,,,,,,,
Stationery,"Gift wrap papers, Wrapping Papers",USA,USD,13.99,1.49,,,,,,,,,
Stationery,"Gift wrap papers, Wrapping Papers",Europe,USD,16.89,6.59,,,,,,,,,
Stationery,"Gift wrap papers, Wrapping Papers",UK,USD,16.89,6.59,,,,,,,,,
Stationery,"Gift wrap papers, Wrapping Papers","EFTA States",USD,16.89,6.59,,,,,,,,,
Stationery,"Gift wrap papers, Wrapping Papers",Canada,USD,15.59,4.99,,,,,,,,,
Stationery,"Gift wrap papers, Wrapping Papers","Australia / New Zealand",USD,16.89,6.59,,,,,,,,,
Stationery,"Gift wrap papers, Wrapping Papers",Japan,USD,16.89,6.59,,,,,,,,,
Stationery,"Gift wrap papers, Wrapping Papers",Brazil,USD,16.89,6.59,,,,,,,,,
Stationery,"Gift wrap papers, Wrapping Papers",Worldwide,USD,16.89,6.59,,,,,,,,,
Stationery,"Set of Business Cards",USA,USD,6.59,2.5,,,,,,,,,
Stationery,"Set of Business Cards",Europe,USD,4.89,1,,,,,,,,,
Stationery,"Set of Business Cards",UK,USD,5.59,2,,,,,,,,,
Stationery,"Set of Business Cards","EFTA States",USD,7.29,2,,,,,,,,,
Stationery,"Set of Business Cards",Canada,USD,9.29,3,,,,,,,,,
Stationery,"Set of Business Cards","Australia / New Zealand",USD,14.49,7.2,,,,,,,,,
Stationery,"Set of Business Cards",Japan,USD,8.89,4.4,,,,,,,,,
Stationery,"Set of Business Cards",Brazil,USD,10.39,6,,,,,,,,,
Stationery,"Set of Business Cards",Worldwide,USD,10.39,6,,,,,,,,,
Stationery,"Simplex Desk Calendar",USA,USD,17.89,3.99,,,,,,,,,
Stationery,"Simplex Desk Calendar",Europe,USD,5.69,1.39,,,,,,,,,
Stationery,"Simplex Desk Calendar",UK,USD,4.59,1.29,,,,,,,,,
Stationery,"Simplex Desk Calendar","EFTA States",USD,8.69,2.39,,,,,,,,,
Stationery,"Simplex Desk Calendar",Canada,USD,17.89,3.99,,,,,,,,,
Stationery,"Simplex Desk Calendar","Australia / New Zealand",USD,17.89,3.99,,,,,,,,,
Stationery,"Simplex Desk Calendar",Japan,USD,17.89,3.99,,,,,,,,,
Stationery,"Simplex Desk Calendar",Brazil,USD,17.89,3.99,,,,,,,,,
Stationery,"Simplex Desk Calendar",Worldwide,USD,17.89,3.99,,,,,,,,,
Stationery,"Hardcover Photo Book, Softcover Photo Book",USA,USD,6.19,2.4,,,,,,,,,
Stationery,"Hardcover Photo Book, Softcover Photo Book",Europe,USD,14.49,3.99,,,,,,,,,
Stationery,"Hardcover Photo Book, Softcover Photo Book",UK,USD,14.49,3.99,,,,,,,,,
Stationery,"Hardcover Photo Book, Softcover Photo Book","EFTA States",USD,14.49,3.99,,,,,,,,,
Stationery,"Hardcover Photo Book, Softcover Photo Book",Canada,USD,14.49,3.99,,,,,,,,,
Stationery,"Hardcover Photo Book, Softcover Photo Book","Australia / New Zealand",USD,14.49,3.99,,,,,,,,,
Stationery,"Hardcover Photo Book, Softcover Photo Book",Japan,USD,14.49,3.99,,,,,,,,,
Stationery,"Hardcover Photo Book, Softcover Photo Book",Brazil,USD,14.49,3.99,,,,,,,,,
Stationery,"Hardcover Photo Book, Softcover Photo Book",Worldwide,USD,14.49,3.99,,,,,,,,,
"Puzzles and games","Puzzle (252 pieces)",USA,USD,5.89,2,8,1.15,23,1,48,0.75,83,0.5,
"Puzzles and games","Puzzle (520 pieces), Jigsaw Puzzle with Tin",USA,USD,8.29,2.5,13,1.75,23,1.5,48,1.3,73,1.2,
"Puzzles and games","Puzzle (520 pieces), Jigsaw Puzzle with Tin",Europe,USD,22.89,8,,,,,,,,,
"Puzzles and games","Puzzle (520 pieces), Jigsaw Puzzle with Tin",UK,USD,22.89,8,,,,,,,,,
"Puzzles and games","Puzzle (520 pieces), Jigsaw Puzzle with Tin","EFTA States",USD,22.89,8,,,,,,,,,
"Puzzles and games","Puzzle (520 pieces), Jigsaw Puzzle with Tin",Canada,USD,17.69,7.5,,,,,,,,,
"Puzzles and games","Puzzle (520 pieces), Jigsaw Puzzle with Tin","Australia / New Zealand",USD,22.89,8,,,,,,,,,
"Puzzles and games","Puzzle (520 pieces), Jigsaw Puzzle with Tin",Japan,USD,22.89,8,,,,,,,,,
"Puzzles and games","Puzzle (520 pieces), Jigsaw Puzzle with Tin",Brazil,USD,22.89,8,,,,,,,,,
"Puzzles and games","Puzzle (520 pieces), Jigsaw Puzzle with Tin",Worldwide,USD,22.89,8,,,,,,,,,
"Puzzles and games","Poker playing cards",USA,USD,6.69,2,,,,,,,,,
"Puzzles and games","Poker playing cards",Europe,USD,11.89,3.5,,,,,,,,,
"Puzzles and games","Poker playing cards",UK,USD,13.49,4.8,,,,,,,,,
"Puzzles and games","Poker playing cards","EFTA States",USD,13.99,3.5,,,,,,,,,
"Puzzles and games","Poker playing cards",Canada,USD,11.39,3.95,,,,,,,,,
"Puzzles and games","Poker playing cards","Australia / New Zealand",USD,17.09,9.95,,,,,,,,,
"Puzzles and games","Poker playing cards",Japan,USD,13.49,8.5,,,,,,,,,
"Puzzles and games","Poker playing cards",Brazil,USD,17.09,9.95,,,,,,,,,
"Puzzles and games","Poker playing cards",Worldwide,USD,17.09,9.95,,,,,,,,,
"Home Decor","Glass Jar Candles",USA,USD,7.29,4,4,2,13,1.5,23,1,48,1,
"Home Decor","Glass Jar Candles",Europe,USD,6.09,2.05,4,1.5,13,1.25,23,1,48,1.05,
"Home Decor","Glass Jar Candles",UK,USD,6.09,1.75,4,1.5,13,1.25,23,1,48,1.05,
"Home Decor","Glass Jar Candles","EFTA States",USD,11.49,1.65,4,1.5,13,1.25,23,1,48,1,
"Home Decor","Glass Jar Candles",Canada,USD,8.69,5.15,4,4.5,13,3.75,23,3,48,3.35,
"Home Decor","Glass Jar Candles","Australia / New Zealand",USD,9.59,4.1,4,1.5,13,1.25,23,1,48,1.05,
"Home Decor","Glass Jar Candles",Japan,USD,6.49,2.05,,,,,,,,,
"Home Decor","Glass Jar Candles",Brazil,USD,13.59,7,4,4.5,13,3.5,23,2.5,48,2.05,
"Home Decor","Glass Jar Candles",Worldwide,USD,13.59,7,4,4.5,13,3.5,23,2.5,48,2.05,
"Home Decor","Scented Soy Candles",USA,USD,8.29,3.49,,,,,,,,,
"Home Decor","Scented Soy Candles",Europe,USD,35.29,9.29,,,,,,,,,
"Home Decor","Scented Soy Candles",UK,USD,35.29,9.29,,,,,,,,,
"Home Decor","Scented Soy Candles","EFTA States",USD,35.29,9.29,,,,,,,,,
"Home Decor","Scented Soy Candles",Canada,USD,28.69,6.39,,,,,,,,,
"Home Decor","Scented Soy Candles","Australia / New Zealand",USD,29.39,9.29,,,,,,,,,
"Home Decor","Scented Soy Candles",Japan,USD,35.29,9.29,,,,,,,,,
"Home Decor","Scented Soy Candles",Brazil,USD,35.29,9.29,,,,,,,,,
"Home Decor","Scented Soy Candles",Worldwide,USD,35.29,9.29,,,,,,,,,
"Home Decor","Throw pillows",USA,USD,10.89,4.5,,,,,,,,,
"Home Decor","Throw pillows",Europe,USD,13.79,5.75,,,,,,,,,
"Home Decor","Throw pillows",UK,USD,11.49,4.95,,,,,,,,,
"Home Decor","Throw pillows","EFTA States",USD,16.69,6.9,,,,,,,,,
"Home Decor","Throw pillows",Canada,USD,12.69,6.75,,,,,,,,,
"Home Decor","Throw pillows","Australia / New Zealand",USD,37.59,7.3,,,,,,,,,
"Home Decor","Throw pillows",Japan,USD,55.99,7.05,,,,,,,,,
"Home Decor","Throw pillows",Brazil,USD,51.99,19.99,,,,,,,,,
"Home Decor","Throw pillows",Worldwide,USD,51.99,19.99,,,,,,,,,
"Home Decor","Pillow cases",USA,USD,4.69,2,8,1.15,23,1,48,0.75,83,0.5,
"Home Decor","Pillow cases",Europe,USD,4.99,1.45,,,,,,,,,
"Home Decor","Pillow cases",UK,USD,4.59,1.5,8,1,23,0.75,48,0.5,83,0.35,
"Home Decor","Pillow cases","EFTA States",USD,10.39,1.1,8,1,23,0.8,48,0.6,83,0.4,
"Home Decor","Pillow cases",Canada,USD,7.29,1.95,8,1.4,23,1.2,48,1,83,0.8,
"Home Decor","Pillow cases","Australia / New Zealand",USD,7.99,1.4,,,,,,,,,
"Home Decor","Pillow cases",Japan,USD,4.89,2,,,,,,,,,
"Home Decor","Pillow cases",Brazil,USD,12.49,6,8,2.5,23,2,48,1.5,83,1,
"Home Decor","Pillow cases",Worldwide,USD,12.49,6,8,2.5,23,2,48,1.5,83,1,
"Home Decor","Blankets (30″×40″), (50″×60″)",USA,USD,8.29,2.5,13,1.75,23,1.5,48,1.3,73,1.2,
"Home Decor","Blankets (30″×40″), (50″×60″)",Europe,USD,7.29,2.4,13,2,23,1.5,48,1.2,73,1,
"Home Decor","Blankets (30″×40″), (50″×60″)",UK,USD,7.29,2.4,13,2,23,1.5,48,1.2,73,1,
"Home Decor","Blankets (30″×40″), (50″×60″)","EFTA States",USD,11.39,2.2,13,2,23,1.7,48,1.3,73,1.1,
"Home Decor","Blankets (30″×40″), (50″×60″)",Canada,USD,9.79,2.35,13,1.9,23,1.7,48,1.5,73,1.2,
"Home Decor","Blankets (30″×40″), (50″×60″)","Australia / New Zealand",USD,12.49,2.25,,,,,,,,,
"Home Decor","Blankets (30″×40″), (50″×60″)",Japan,USD,7.89,2.6,,,,,,,,,
"Home Decor","Blankets (30″×40″), (50″×60″)",Brazil,USD,17.69,8,13,4.25,23,3.5,48,2.75,73,2,
"Home Decor","Blankets (30″×40″), (50″×60″)",Worldwide,USD,17.69,8,13,4.25,23,3.5,48,2.75,73,2,
"Home Decor","Blankets (60″ × 80″), Embroidered Sherpa Blankets (50″ × 60″), Sublimated Sherpa Blankets",USA,USD,13.99,4,,,,,,,,,
"Home Decor","Blankets (60″ × 80″), Embroidered Sherpa Blankets (50″ × 60″), Sublimated Sherpa Blankets",Europe,USD,13.19,5.2,,,,,,,,,
"Home Decor","Blankets (60″ × 80″), Embroidered Sherpa Blankets (50″ × 60″), Sublimated Sherpa Blankets",UK,USD,16.59,7.4,,,,,,,,,
"Home Decor","Blankets (60″ × 80″), Embroidered Sherpa Blankets (50″ × 60″), Sublimated Sherpa Blankets","EFTA States",USD,15.59,6.35,,,,,,,,,
"Home Decor","Blankets (60″ × 80″), Embroidered Sherpa Blankets (50″ × 60″), Sublimated Sherpa Blankets",Canada,USD,15.69,6.5,,,,,,,,,
"Home Decor","Blankets (60″ × 80″), Embroidered Sherpa Blankets (50″ × 60″), Sublimated Sherpa Blankets","Australia / New Zealand",USD,26.59,8.8,,,,,,,,,
"Home Decor","Blankets (60″ × 80″), Embroidered Sherpa Blankets (50″ × 60″), Sublimated Sherpa Blankets",Japan,USD,44.89,18,,,,,,,,,
"Home Decor","Blankets (60″ × 80″), Embroidered Sherpa Blankets (50″ × 60″), Sublimated Sherpa Blankets",Brazil,USD,41.59,20,,,,,,,,,
"Home Decor","Blankets (60″ × 80″), Embroidered Sherpa Blankets (50″ × 60″), Sublimated Sherpa Blankets",Worldwide,USD,41.59,20,,,,,,,,,
"Home Decor","Wooden ornaments",USA,USD,5.19,1,,,,,,,,,
"Home Decor","Wooden ornaments",Europe,USD,7.29,3,,,,,,,,,
"Home Decor","Wooden ornaments",UK,USD,2.59,0.9,,,,,,,,,
"Home Decor","Wooden ornaments","EFTA States",USD,7.29,3,,,,,,,,,
"Home Decor","Wooden ornaments",Canada,USD,9.29,0.9,,,,,,,,,
"Home Decor","Wooden ornaments","Australia / New Zealand",USD,8.39,1.9,,,,,,,,,
"Home Decor","Wooden ornaments",Japan,USD,5.19,1,,,,,,,,,
"Home Decor","Wooden ornaments",Brazil,USD,8.29,4,,,,,,,,,
"Home Decor","Wooden ornaments",Worldwide,USD,8.29,4,,,,,,,,,
"Home Decor",Magnets,USA,USD,4.69,0.99,,,,,,,,,
"Home Decor",Magnets,Europe,USD,8.29,0.99,,,,,,,,,
"Home Decor",Magnets,UK,USD,11.39,0.99,,,,,,,,,
"Home Decor",Magnets,"EFTA States",USD,8.29,0.99,,,,,,,,,
"Home Decor",Magnets,Canada,USD,8.29,0.99,,,,,,,,,
"Home Decor",Magnets,"Australia / New Zealand",USD,10.39,2.49,,,,,,,,,
"Home Decor",Magnets,Japan,USD,7.29,1.49,,,,,,,,,
"Home Decor",Magnets,Brazil,USD,10.39,2.49,,,,,,,,,
"Home Decor",Magnets,Worldwide,USD,10.39,2.49,,,,,,,,,
"Home Decor","Napkins, Table Runners",USA,USD,5.69,2.5,,,,,,,,,
"Home Decor","Napkins, Table Runners",Europe,USD,9.29,3,,,,,,,,,
"Home Decor","Napkins, Table Runners",UK,USD,7.79,2.5,,,,,,,,,
"Home Decor","Napkins, Table Runners","EFTA States",USD,15.09,3,,,,,,,,,
"Home Decor","Napkins, Table Runners",Canada,USD,12.49,3,,,,,,,,,
"Home Decor","Napkins, Table Runners","Australia / New Zealand",USD,13.99,5.5,,,,,,,,,
"Home Decor","Napkins, Table Runners",Japan,USD,14.49,6,,,,,,,,,
"Home Decor","Napkins, Table Runners",Brazil,USD,13.99,5.5,,,,,,,,,
"Home Decor","Napkins, Table Runners",Worldwide,USD,13.99,5.5,,,,,,,,,
"Home Decor",Placemats,USA,USD,8.29,3,,,,,,,,,
"Home Decor",Placemats,Europe,USD,11.89,6,,,,,,,,,
"Home Decor",Placemats,UK,USD,9.89,6,,,,,,,,,
"Home Decor",Placemats,"EFTA States",USD,17.69,7,,,,,,,,,
"Home Decor",Placemats,Canada,USD,13.99,5,,,,,,,,,
"Home Decor",Placemats,"Australia / New Zealand",USD,19.19,11,,,,,,,,,
"Home Decor",Placemats,Japan,USD,20.29,12,,,,,,,,,
"Home Decor",Placemats,Brazil,USD,19.19,11,,,,,,,,,
"Home Decor",Placemats,Worldwide,USD,19.19,11,,,,,,,,,
"Home Decor","Yard Sign",USA,USD,8.79,8.49,,,,,,,,,
"Home Decor","Shower Curtain",USA,USD,8.29,3,,,,,,,,,
"Home Decor","Shower Curtain",Europe,USD,11.89,6,,,,,,,,,
"Home Decor","Shower Curtain",UK,USD,9.89,6,,,,,,,,,
"Home Decor","Shower Curtain","EFTA States",USD,17.69,7,,,,,,,,,
"Home Decor","Shower Curtain",Canada,USD,13.99,5,,,,,,,,,
"Home Decor","Shower Curtain","Australia / New Zealand",USD,19.19,11,,,,,,,,,
"Home Decor","Shower Curtain",Japan,USD,20.29,12,,,,,,,,,
"Home Decor","Shower Curtain",Brazil,USD,19.19,11,,,,,,,,,
"Home Decor","Shower Curtain",Worldwide,USD,19.19,11,,,,,,,,,
"Home Decor","Custom Shaped Pillow",USA,USD,6.19,1.5,,,,,,,,,
"Home Decor","Teddy Bear with a T-Shirt",USA,USD,6.49,5,,,,,,,,,
"Home Decor","Ceramic, Acrylic and Metal ornaments",USA,USD,5.49,0.8,,,,,,,,,
"Home Decor","Ceramic, Acrylic and Metal ornaments",Europe,USD,9.89,1.99,,,,,,,,,
"Home Decor","Ceramic, Acrylic and Metal ornaments",UK,USD,9.89,1.99,,,,,,,,,
"Home Decor","Ceramic, Acrylic and Metal ornaments","EFTA States",USD,9.89,1.99,,,,,,,,,
"Home Decor","Ceramic, Acrylic and Metal ornaments",Canada,USD,9.89,1.99,,,,,,,,,
"Home Decor","Ceramic, Acrylic and Metal ornaments","Australia / New Zealand",USD,9.89,1.99,,,,,,,,,
"Home Decor","Ceramic, Acrylic and Metal ornaments",Japan,USD,9.89,1.99,,,,,,,,,
"Home Decor","Ceramic, Acrylic and Metal ornaments",Brazil,USD,9.89,1.99,,,,,,,,,
"Home Decor","Ceramic, Acrylic and Metal ornaments",Worldwide,USD,9.89,1.99,,,,,,,,,
"Home Decor",Pennants,USA,USD,7.29,4,,,,,,,,,
"Home Decor",Pennants,Europe,USD,5.69,1.95,,,,,,,,,
"Home Decor",Pennants,UK,USD,6.19,2.75,,,,,,,,,
"Home Decor",Pennants,"EFTA States",USD,11.39,1.65,,,,,,,,,
"Home Decor",Pennants,Canada,USD,13.69,9.85,,,,,,,,,
"Home Decor",Pennants,"Australia / New Zealand",USD,18.89,13.75,,,,,,,,,
"Home Decor",Pennants,Japan,USD,12.09,8.25,,,,,,,,,
"Home Decor",Pennants,Brazil,USD,19.39,7.65,,,,,,,,,
"Home Decor",Pennants,Worldwide,USD,19.39,7.65,,,,,,,,,
"Home Decor","Metal Christmas Ornament, Ceramic Ornaments ( 2-Side Print )",USA,USD,5.89,0.7,,,,,,,,,
"Home Decor","Metal Christmas Ornament, Ceramic Ornaments ( 2-Side Print )",Europe,USD,9.89,1.99,,,,,,,,,
"Home Decor","Metal Christmas Ornament, Ceramic Ornaments ( 2-Side Print )",UK,USD,9.89,1.99,,,,,,,,,
"Home Decor","Metal Christmas Ornament, Ceramic Ornaments ( 2-Side Print )","EFTA States",USD,9.89,1.99,,,,,,,,,
"Home Decor","Metal Christmas Ornament, Ceramic Ornaments ( 2-Side Print )",Canada,USD,9.89,1.99,,,,,,,,,
"Home Decor","Metal Christmas Ornament, Ceramic Ornaments ( 2-Side Print )","Australia / New Zealand",USD,9.89,1.99,,,,,,,,,
"Home Decor","Metal Christmas Ornament, Ceramic Ornaments ( 2-Side Print )",Japan,USD,9.89,1.99,,,,,,,,,
"Home Decor","Metal Christmas Ornament, Ceramic Ornaments ( 2-Side Print )",Brazil,USD,9.89,1.99,,,,,,,,,
"Home Decor","Metal Christmas Ornament, Ceramic Ornaments ( 2-Side Print )",Worldwide,USD,9.89,1.99,,,,,,,,,
"Home Decor","Indoor Wall Tapestry",USA,USD,5.69,2.5,,,,,,,,,
"Home Decor","Indoor Wall Tapestry",Europe,USD,9.29,3,,,,,,,,,
"Home Decor","Indoor Wall Tapestry",UK,USD,7.79,2.5,,,,,,,,,
"Home Decor","Indoor Wall Tapestry","EFTA States",USD,15.09,3,,,,,,,,,
"Home Decor","Indoor Wall Tapestry",Canada,USD,12.49,3,,,,,,,,,
"Home Decor","Indoor Wall Tapestry","Australia / New Zealand",USD,13.99,5.5,,,,,,,,,
"Home Decor","Indoor Wall Tapestry",Japan,USD,14.49,6,,,,,,,,,
"Home Decor","Indoor Wall Tapestry",Brazil,USD,13.99,5.5,,,,,,,,,
"Home Decor","Indoor Wall Tapestry",Worldwide,USD,13.99,5.5,,,,,,,,,
"Home Decor",Comforter,USA,USD,33.59,26.4,,,,,,,,,
"Home Decor",Comforter,Europe,USD,51.99,49.99,,,,,,,,,
"Home Decor",Comforter,UK,USD,51.99,49.99,,,,,,,,,
"Home Decor",Comforter,"EFTA States",USD,51.99,49.99,,,,,,,,,
"Home Decor",Comforter,Canada,USD,47.79,45.99,,,,,,,,,
"Home Decor",Comforter,"Australia / New Zealand",USD,51.99,49.99,,,,,,,,,
"Home Decor",Comforter,Japan,USD,51.99,49.99,,,,,,,,,
"Home Decor",Comforter,Brazil,USD,51.99,49.99,,,,,,,,,
"Home Decor",Comforter,Worldwide,USD,51.99,49.99,,,,,,,,,
"Home Decor","Christmas Tree Skirt",USA,USD,7.79,3.75,,,,,,,,,
"Home Decor","Christmas Tree Skirt",Europe,USD,11.59,3.65,,,,,,,,,
"Home Decor","Christmas Tree Skirt",UK,USD,11.59,3.65,,,,,,,,,
"Home Decor","Christmas Tree Skirt","EFTA States",USD,11.59,3.65,,,,,,,,,
"Home Decor","Christmas Tree Skirt",Canada,USD,11.59,3.65,,,,,,,,,
"Home Decor","Christmas Tree Skirt","Australia / New Zealand",USD,11.59,3.65,,,,,,,,,
"Home Decor","Christmas Tree Skirt",Japan,USD,11.59,3.65,,,,,,,,,
"Home Decor","Christmas Tree Skirt",Brazil,USD,11.59,3.65,,,,,,,,,
"Home Decor","Christmas Tree Skirt",Worldwide,USD,11.59,3.65,,,,,,,,,
"Home Decor","Rustic Christmas stocking",USA,USD,7.79,3.75,,,,,,,,,
"Home Decor","Rustic Christmas stocking",Europe,USD,11.59,3.65,,,,,,,,,
"Home Decor","Rustic Christmas stocking",UK,USD,11.59,3.65,,,,,,,,,
"Home Decor","Rustic Christmas stocking","EFTA States",USD,11.59,3.65,,,,,,,,,
"Home Decor","Rustic Christmas stocking",Canada,USD,11.59,3.65,,,,,,,,,
"Home Decor","Rustic Christmas stocking","Australia / New Zealand",USD,11.59,3.65,,,,,,,,,
"Home Decor","Rustic Christmas stocking",Japan,USD,11.59,3.65,,,,,,,,,
"Home Decor","Rustic Christmas stocking",Brazil,USD,11.59,3.65,,,,,,,,,
"Home Decor","Rustic Christmas stocking",Worldwide,USD,11.59,3.65,,,,,,,,,
"Home Decor",Doormat,USA,USD,21.29,20.49,,,,,,,,,
"Home Decor",Doormat,Europe,USD,73.29,59.99,,,,,,,,,
"Home Decor",Doormat,UK,USD,73.29,59.99,,,,,,,,,
"Home Decor",Doormat,"EFTA States",USD,73.29,59.99,,,,,,,,,
"Home Decor",Doormat,Canada,USD,57.99,29.69,,,,,,,,,
"Home Decor",Doormat,"Australia / New Zealand",USD,73.29,59.99,,,,,,,,,
"Home Decor",Doormat,Japan,USD,73.29,59.99,,,,,,,,,
"Home Decor",Doormat,Brazil,USD,73.29,59.99,,,,,,,,,
"Home Decor",Doormat,Worldwide,USD,73.29,59.99,,,,,,,,,
"Home Decor","Cotton Tablecloths",USA,USD,8.29,3,,,,,,,,,
"Home Decor","Cotton Tablecloths",Europe,USD,11.89,6,,,,,,,,,
"Home Decor","Cotton Tablecloths",UK,USD,9.89,6,,,,,,,,,
"Home Decor","Cotton Tablecloths","EFTA States",USD,17.69,7,,,,,,,,,
"Home Decor","Cotton Tablecloths",Canada,USD,13.99,5,,,,,,,,,
"Home Decor","Cotton Tablecloths","Australia / New Zealand",USD,19.19,11,,,,,,,,,
"Home Decor","Cotton Tablecloths",Japan,USD,20.29,12,,,,,,,,,
"Home Decor","Cotton Tablecloths",Brazil,USD,19.19,11,,,,,,,,,
"Home Decor","Cotton Tablecloths",Worldwide,USD,19.19,11,,,,,,,,,
"Home Decor","Cotton Placemat, 1pc",USA,USD,5.69,2.5,,,,,,,,,
"Home Decor","Cotton Placemat, 1pc",Europe,USD,9.29,3,,,,,,,,,
"Home Decor","Cotton Placemat, 1pc",UK,USD,7.79,2.5,,,,,,,,,
"Home Decor","Cotton Placemat, 1pc","EFTA States",USD,15.09,3,,,,,,,,,
"Home Decor","Cotton Placemat, 1pc",Canada,USD,12.49,3,,,,,,,,,
"Home Decor","Cotton Placemat, 1pc","Australia / New Zealand",USD,13.99,5.5,,,,,,,,,
"Home Decor","Cotton Placemat, 1pc",Japan,USD,14.49,6,,,,,,,,,
"Home Decor","Cotton Placemat, 1pc",Brazil,USD,13.99,5.5,,,,,,,,,
"Home Decor","Cotton Placemat, 1pc",Worldwide,USD,13.99,5.5,,,,,,,,,
Beauty,Beauty,USA,USD,9.69,3.65,,,,,,,,,
Beauty,Beauty,Europe,USD,5.39,2.1,,,,,,,,,
Beauty,Beauty,UK,USD,5.89,2.1,,,,,,,,,
Glassware,"Shaker Pint Glass (16 oz)",USA,USD,10.89,4.5,,,,,,,,,
Glassware,"Shaker Pint Glass (16 oz)",Europe,USD,7.79,4.9,,,,,,,,,
Glassware,"Shaker Pint Glass (16 oz)",UK,USD,7.29,4.75,,,,,,,,,
Glassware,"Shaker Pint Glass (16 oz)","EFTA States",USD,11.39,4.4,,,,,,,,,
Glassware,"Shaker Pint Glass (16 oz)",Canada,USD,11.79,6.25,,,,,,,,,
Glassware,"Shaker Pint Glass (16 oz)","Australia / New Zealand",USD,9.59,4.1,,,,,,,,,
Glassware,"Shaker Pint Glass (16 oz)",Japan,USD,21.59,7.85,,,,,,,,,
Glassware,"Shaker Pint Glass (16 oz)",Brazil,USD,16.59,8,,,,,,,,,
Glassware,"Shaker Pint Glass (16 oz)",Worldwide,USD,16.59,8,,,,,,,,,
Glassware,"Stemless Wine Glass (15 oz), Can-Shaped Glass (16 oz), Rocks Glass, Wide Mouth Plastic Water Bottle, Latte Mug",USA,USD,6.69,2,,,,,,,,,
Glassware,"Stemless Wine Glass (15 oz), Can-Shaped Glass (16 oz), Rocks Glass, Wide Mouth Plastic Water Bottle, Latte Mug",Europe,USD,11.89,3.5,,,,,,,,,
Glassware,"Stemless Wine Glass (15 oz), Can-Shaped Glass (16 oz), Rocks Glass, Wide Mouth Plastic Water Bottle, Latte Mug",UK,USD,13.49,4.8,,,,,,,,,
Glassware,"Stemless Wine Glass (15 oz), Can-Shaped Glass (16 oz), Rocks Glass, Wide Mouth Plastic Water Bottle, Latte Mug","EFTA States",USD,13.99,3.5,,,,,,,,,
Glassware,"Stemless Wine Glass (15 oz), Can-Shaped Glass (16 oz), Rocks Glass, Wide Mouth Plastic Water Bottle, Latte Mug",Canada,USD,11.39,3.95,,,,,,,,,
Glassware,"Stemless Wine Glass (15 oz), Can-Shaped Glass (16 oz), Rocks Glass, Wide Mouth Plastic Water Bottle, Latte Mug","Australia / New Zealand",USD,17.09,9.95,,,,,,,,,
Glassware,"Stemless Wine Glass (15 oz), Can-Shaped Glass (16 oz), Rocks Glass, Wide Mouth Plastic Water Bottle, Latte Mug",Japan,USD,13.49,8.5,,,,,,,,,
Glassware,"Stemless Wine Glass (15 oz), Can-Shaped Glass (16 oz), Rocks Glass, Wide Mouth Plastic Water Bottle, Latte Mug",Brazil,USD,17.09,9.95,,,,,,,,,
Glassware,"Stemless Wine Glass (15 oz), Can-Shaped Glass (16 oz), Rocks Glass, Wide Mouth Plastic Water Bottle, Latte Mug",Worldwide,USD,17.09,9.95,,,,,,,,,
"Sports accessories","Yoga mat",USA,USD,13.99,2.99,,,,,,,,,
"Sports accessories","Yoga mat",Europe,USD,33.29,2.99,,,,,,,,,
"Sports accessories","Yoga mat",UK,USD,31.19,3.99,,,,,,,,,
"Sports accessories","Yoga mat","EFTA States",USD,31.19,3.99,,,,,,,,,
"Sports accessories","Yoga mat",Canada,USD,26.99,2.99,,,,,,,,,
"Sports accessories","Yoga mat","Australia / New Zealand",USD,50.89,4.99,,,,,,,,,
"Sports accessories","Yoga mat",Japan,USD,41.59,2.99,,,,,,,,,
"Sports accessories","Yoga mat",Brazil,USD,50.89,4.99,,,,,,,,,
"Sports accessories","Yoga mat",Worldwide,USD,50.89,4.99,,,,,,,,,
"Pet products","Pet Bowl (18oz)",USA,USD,10.89,3.99,,,,,,,,,
"Pet products","Pet Bowl (18oz)",Europe,USD,10.89,3.99,,,,,,,,,
"Pet products","Pet Bowl (18oz)",UK,USD,7.29,2.99,,,,,,,,,
"Pet products","Pet Bowl (18oz)","EFTA States",USD,12.49,3.99,,,,,,,,,
"Pet products","Pet Bowl (18oz)",Canada,USD,18.69,16,,,,,,,,,
"Pet products","Pet Bowl (18oz)","Australia / New Zealand",USD,7.29,2.99,,,,,,,,,
"Pet products","Pet Bowl (18oz)",Japan,USD,16.09,5.99,,,,,,,,,
"Pet products","Pet Bowl (18oz)",Brazil,USD,15.59,5.99,,,,,,,,,
"Pet products","Pet Bowl (18oz)",Worldwide,USD,15.59,5.99,,,,,,,,,
"Pet products","Pet Bowl (32oz)",USA,USD,10.89,7.5,,,,,,,,,
"Pet products","Pet Bowl (32oz)",Europe,USD,10.89,6.5,,,,,,,,,
"Pet products","Pet Bowl (32oz)",UK,USD,7.29,5,,,,,,,,,
"Pet products","Pet Bowl (32oz)","EFTA States",USD,12.49,6.5,,,,,,,,,
"Pet products","Pet Bowl (32oz)",Canada,USD,18.69,18,,,,,,,,,
"Pet products","Pet Bowl (32oz)","Australia / New Zealand",USD,8.79,2,,,,,,,,,
"Pet products","Pet Bowl (32oz)",Japan,USD,16.09,13.49,,,,,,,,,
"Pet products","Pet Bowl (32oz)",Brazil,USD,16.09,13.49,,,,,,,,,
"Pet products","Pet Bowl (32oz)",Worldwide,USD,16.09,13.49,,,,,,,,,
"Pet products","Pet Collar",USA,USD,4.19,3.99,,,,,,,,,
"Pet products","Pet Collar",Europe,USD,5.19,4.99,,,,,,,,,
"Pet products","Pet Collar",UK,USD,5.19,4.99,,,,,,,,,
"Pet products","Pet Collar","EFTA States",USD,5.19,4.99,,,,,,,,,
"Pet products","Pet Collar",Canada,USD,4.19,3.99,,,,,,,,,
"Pet products","Pet Collar","Australia / New Zealand",USD,4.19,3.99,,,,,,,,,
"Pet products","Pet Collar",Japan,USD,4.19,3.99,,,,,,,,,
"Pet products","Pet Collar",Brazil,USD,5.19,4.99,,,,,,,,,
"Pet products","Pet Collar",Worldwide,USD,5.19,4.99,,,,,,,,,
"Pet products","Pet Leash",USA,USD,4.19,3.99,,,,,,,,,
"Pet products","Pet Leash",Europe,USD,5.19,4.99,,,,,,,,,
"Pet products","Pet Leash",UK,USD,5.19,4.99,,,,,,,,,
"Pet products","Pet Leash","EFTA States",USD,5.19,4.99,,,,,,,,,
"Pet products","Pet Leash",Canada,USD,4.19,3.99,,,,,,,,,
"Pet products","Pet Leash","Australia / New Zealand",USD,4.19,3.99,,,,,,,,,
"Pet products","Pet Leash",Japan,USD,4.19,3.99,,,,,,,,,
"Pet products","Pet Leash",Brazil,USD,5.19,4.99,,,,,,,,,
"Pet products","Pet Leash",Worldwide,USD,5.19,4.99,,,,,,,,,
"Pet products","Pet leash & collar",USA,USD,8.29,7.99,,,,,,,,,
"Pet products","Pet leash & collar",Europe,USD,9.29,8.99,,,,,,,,,
"Pet products","Pet leash & collar",UK,USD,9.29,8.99,,,,,,,,,
"Pet products","Pet leash & collar","EFTA States",USD,9.29,8.99,,,,,,,,,
"Pet products","Pet leash & collar",Canada,USD,8.29,7.99,,,,,,,,,
"Pet products","Pet leash & collar","Australia / New Zealand",USD,8.29,7.99,,,,,,,,,
"Pet products","Pet leash & collar",Japan,USD,8.29,7.99,,,,,,,,,
"Pet products","Pet leash & collar",Brazil,USD,9.29,8.99,,,,,,,,,
"Pet products","Pet leash & collar",Worldwide,USD,9.29,8.99,,,,,,,,,
"Pet products","Pet Bandana Collar",USA,USD,5.89,0.7,,,,,,,,,
"Pet products","Pet Bandana Collar",Europe,USD,9.89,1.99,,,,,,,,,
"Pet products","Pet Bandana Collar",UK,USD,9.89,1.99,,,,,,,,,
"Pet products","Pet Bandana Collar","EFTA States",USD,9.89,1.99,,,,,,,,,
"Pet products","Pet Bandana Collar",Canada,USD,9.89,1.99,,,,,,,,,
"Pet products","Pet Bandana Collar","Australia / New Zealand",USD,9.89,1.99,,,,,,,,,
"Pet products","Pet Bandana Collar",Japan,USD,9.89,1.99,,,,,,,,,
"Pet products","Pet Bandana Collar",Brazil,USD,9.89,1.99,,,,,,,,,
"Pet products","Pet Bandana Collar",Worldwide,USD,9.89,1.99,,,,,,,,,
"Pet products","Pet feeding mat",USA,USD,6.69,3.89,,,,,,,,,
"Pet products","Pet feeding mat",Europe,USD,10.39,3.59,,,,,,,,,
"Pet products","Pet feeding mat",UK,USD,11.69,3.59,,,,,,,,,
"Pet products","Pet feeding mat","EFTA States",USD,11.69,3.59,,,,,,,,,
"Pet products","Pet feeding mat",Canada,USD,11.69,3.59,,,,,,,,,
"Pet products","Pet feeding mat","Australia / New Zealand",USD,11.69,3.59,,,,,,,,,
"Pet products","Pet feeding mat",Japan,USD,11.69,3.59,,,,,,,,,
"Pet products","Pet feeding mat",Brazil,USD,11.69,3.59,,,,,,,,,
"Pet products","Pet feeding mat",Worldwide,USD,11.69,3.59,,,,,,,,,
